class,filename,width,height,aspect_ratio,mode,file_size_kb
cardboard,cardboard75.jpg,512,384,1.333,RGB,12.1
cardboard,cardboard15.jpg,512,384,1.333,RGB,11.7
cardboard,cardboard234.jpg,512,384,1.333,RGB,17.3
cardboard,cardboard251.jpg,512,384,1.333,RGB,19.2
cardboard,cardboard314.jpg,512,384,1.333,RGB,16.8
cardboard,cardboard193.jpg,512,384,1.333,RGB,18.2
cardboard,cardboard157.jpg,512,384,1.333,RGB,17.7
cardboard,cardboard392.jpg,512,384,1.333,RGB,9.6
cardboard,cardboard241.jpg,512,384,1.333,RGB,23.3
cardboard,cardboard337.jpg,512,384,1.333,RGB,17.7
cardboard,cardboard101.jpg,512,384,1.333,RGB,14.0
cardboard,cardboard139.jpg,512,384,1.333,RGB,21.7
cardboard,cardboard110.jpg,512,384,1.333,RGB,17.0
cardboard,cardboard328.jpg,512,384,1.333,RGB,10.9
cardboard,cardboard330.jpg,512,384,1.333,RGB,19.3
cardboard,cardboard61.jpg,512,384,1.333,RGB,19.2
cardboard,cardboard179.jpg,512,384,1.333,RGB,20.0
cardboard,cardboard228.jpg,512,384,1.333,RGB,21.2
cardboard,cardboard395.jpg,512,384,1.333,RGB,16.4
cardboard,cardboard276.jpg,512,384,1.333,RGB,17.0
cardboard,cardboard184.jpg,512,384,1.333,RGB,14.2
cardboard,cardboard42.jpg,512,384,1.333,RGB,13.3
cardboard,cardboard355.jpg,512,384,1.333,RGB,18.6
cardboard,cardboard138.jpg,512,384,1.333,RGB,17.4
cardboard,cardboard127.jpg,512,384,1.333,RGB,20.2
cardboard,cardboard245.jpg,512,384,1.333,RGB,25.7
cardboard,cardboard115.jpg,512,384,1.333,RGB,15.9
cardboard,cardboard310.jpg,512,384,1.333,RGB,22.1
cardboard,cardboard249.jpg,512,384,1.333,RGB,24.6
cardboard,cardboard190.jpg,512,384,1.333,RGB,28.1
cardboard,cardboard313.jpg,512,384,1.333,RGB,13.1
cardboard,cardboard99.jpg,512,384,1.333,RGB,9.8
cardboard,cardboard125.jpg,512,384,1.333,RGB,18.9
cardboard,cardboard334.jpg,512,384,1.333,RGB,13.8
cardboard,cardboard78.jpg,512,384,1.333,RGB,17.0
cardboard,cardboard124.jpg,512,384,1.333,RGB,18.0
cardboard,cardboard177.jpg,512,384,1.333,RGB,21.2
cardboard,cardboard252.jpg,512,384,1.333,RGB,22.4
cardboard,cardboard299.jpg,512,384,1.333,RGB,24.4
cardboard,cardboard212.jpg,512,384,1.333,RGB,15.2
cardboard,cardboard188.jpg,512,384,1.333,RGB,13.7
cardboard,cardboard199.jpg,512,384,1.333,RGB,13.3
cardboard,cardboard94.jpg,512,384,1.333,RGB,14.9
cardboard,cardboard46.jpg,512,384,1.333,RGB,16.0
cardboard,cardboard153.jpg,512,384,1.333,RGB,17.1
cardboard,cardboard50.jpg,512,384,1.333,RGB,21.3
cardboard,cardboard39.jpg,512,384,1.333,RGB,22.0
cardboard,cardboard159.jpg,512,384,1.333,RGB,15.9
cardboard,cardboard293.jpg,512,384,1.333,RGB,14.5
cardboard,cardboard278.jpg,512,384,1.333,RGB,13.4
cardboard,cardboard123.jpg,512,384,1.333,RGB,15.7
cardboard,cardboard76.jpg,512,384,1.333,RGB,18.3
cardboard,cardboard207.jpg,512,384,1.333,RGB,13.5
cardboard,cardboard368.jpg,512,384,1.333,RGB,20.6
cardboard,cardboard27.jpg,512,384,1.333,RGB,24.3
cardboard,cardboard347.jpg,512,384,1.333,RGB,16.8
cardboard,cardboard262.jpg,512,384,1.333,RGB,12.1
cardboard,cardboard47.jpg,512,384,1.333,RGB,19.7
cardboard,cardboard148.jpg,512,384,1.333,RGB,19.6
cardboard,cardboard336.jpg,512,384,1.333,RGB,17.0
cardboard,cardboard114.jpg,512,384,1.333,RGB,16.1
cardboard,cardboard258.jpg,512,384,1.333,RGB,27.2
cardboard,cardboard141.jpg,512,384,1.333,RGB,24.3
cardboard,cardboard396.jpg,512,384,1.333,RGB,21.4
cardboard,cardboard362.jpg,512,384,1.333,RGB,18.0
cardboard,cardboard287.jpg,512,384,1.333,RGB,12.4
cardboard,cardboard10.jpg,512,384,1.333,RGB,21.2
cardboard,cardboard55.jpg,512,384,1.333,RGB,19.0
cardboard,cardboard135.jpg,512,384,1.333,RGB,19.6
cardboard,cardboard68.jpg,512,384,1.333,RGB,19.7
cardboard,cardboard344.jpg,512,384,1.333,RGB,15.4
cardboard,cardboard284.jpg,512,384,1.333,RGB,15.1
cardboard,cardboard243.jpg,512,384,1.333,RGB,23.8
cardboard,cardboard144.jpg,512,384,1.333,RGB,13.3
cardboard,cardboard343.jpg,512,384,1.333,RGB,17.3
cardboard,cardboard382.jpg,512,384,1.333,RGB,16.2
cardboard,cardboard335.jpg,512,384,1.333,RGB,25.5
cardboard,cardboard311.jpg,512,384,1.333,RGB,20.8
cardboard,cardboard286.jpg,512,384,1.333,RGB,24.5
cardboard,cardboard136.jpg,512,384,1.333,RGB,7.6
cardboard,cardboard38.jpg,512,384,1.333,RGB,21.6
cardboard,cardboard292.jpg,512,384,1.333,RGB,19.5
cardboard,cardboard236.jpg,512,384,1.333,RGB,8.5
cardboard,cardboard53.jpg,512,384,1.333,RGB,16.9
cardboard,cardboard92.jpg,512,384,1.333,RGB,26.1
cardboard,cardboard388.jpg,512,384,1.333,RGB,22.9
cardboard,cardboard375.jpg,512,384,1.333,RGB,24.7
cardboard,cardboard218.jpg,512,384,1.333,RGB,10.4
cardboard,cardboard239.jpg,512,384,1.333,RGB,15.5
cardboard,cardboard342.jpg,512,384,1.333,RGB,20.0
cardboard,cardboard91.jpg,512,384,1.333,RGB,16.2
cardboard,cardboard247.jpg,512,384,1.333,RGB,17.7
cardboard,cardboard194.jpg,512,384,1.333,RGB,14.9
cardboard,cardboard17.jpg,512,384,1.333,RGB,27.7
cardboard,cardboard63.jpg,512,384,1.333,RGB,11.8
cardboard,cardboard371.jpg,512,384,1.333,RGB,18.8
cardboard,cardboard105.jpg,512,384,1.333,RGB,23.8
cardboard,cardboard279.jpg,512,384,1.333,RGB,32.8
cardboard,cardboard301.jpg,512,384,1.333,RGB,18.5
cardboard,cardboard40.jpg,512,384,1.333,RGB,22.0
cardboard,cardboard57.jpg,512,384,1.333,RGB,23.7
cardboard,cardboard90.jpg,512,384,1.333,RGB,23.2
cardboard,cardboard386.jpg,512,384,1.333,RGB,13.7
cardboard,cardboard333.jpg,512,384,1.333,RGB,13.3
cardboard,cardboard319.jpg,512,384,1.333,RGB,21.6
cardboard,cardboard312.jpg,512,384,1.333,RGB,20.0
cardboard,cardboard67.jpg,512,384,1.333,RGB,11.9
cardboard,cardboard129.jpg,512,384,1.333,RGB,15.7
cardboard,cardboard181.jpg,512,384,1.333,RGB,16.6
cardboard,cardboard391.jpg,512,384,1.333,RGB,25.1
cardboard,cardboard152.jpg,512,384,1.333,RGB,9.2
cardboard,cardboard296.jpg,512,384,1.333,RGB,8.5
cardboard,cardboard37.jpg,512,384,1.333,RGB,21.0
cardboard,cardboard107.jpg,512,384,1.333,RGB,24.8
cardboard,cardboard270.jpg,512,384,1.333,RGB,16.0
cardboard,cardboard338.jpg,512,384,1.333,RGB,18.7
cardboard,cardboard140.jpg,512,384,1.333,RGB,16.9
cardboard,cardboard255.jpg,512,384,1.333,RGB,23.9
cardboard,cardboard377.jpg,512,384,1.333,RGB,14.1
cardboard,cardboard315.jpg,512,384,1.333,RGB,24.9
cardboard,cardboard31.jpg,512,384,1.333,RGB,21.6
cardboard,cardboard14.jpg,512,384,1.333,RGB,14.3
cardboard,cardboard71.jpg,512,384,1.333,RGB,21.9
cardboard,cardboard324.jpg,512,384,1.333,RGB,12.9
cardboard,cardboard220.jpg,512,384,1.333,RGB,10.9
cardboard,cardboard85.jpg,512,384,1.333,RGB,14.6
cardboard,cardboard98.jpg,512,384,1.333,RGB,21.0
cardboard,cardboard349.jpg,512,384,1.333,RGB,22.0
cardboard,cardboard197.jpg,512,384,1.333,RGB,14.4
cardboard,cardboard290.jpg,512,384,1.333,RGB,19.8
cardboard,cardboard230.jpg,512,384,1.333,RGB,14.9
cardboard,cardboard390.jpg,512,384,1.333,RGB,19.3
cardboard,cardboard316.jpg,512,384,1.333,RGB,15.1
cardboard,cardboard87.jpg,512,384,1.333,RGB,20.1
cardboard,cardboard221.jpg,512,384,1.333,RGB,17.2
cardboard,cardboard357.jpg,512,384,1.333,RGB,23.8
cardboard,cardboard82.jpg,512,384,1.333,RGB,21.1
cardboard,cardboard29.jpg,512,384,1.333,RGB,21.3
cardboard,cardboard79.jpg,512,384,1.333,RGB,24.6
cardboard,cardboard223.jpg,512,384,1.333,RGB,16.3
cardboard,cardboard304.jpg,512,384,1.333,RGB,21.9
cardboard,cardboard369.jpg,512,384,1.333,RGB,22.3
cardboard,cardboard263.jpg,512,384,1.333,RGB,14.8
cardboard,cardboard275.jpg,512,384,1.333,RGB,16.6
cardboard,cardboard170.jpg,512,384,1.333,RGB,8.7
cardboard,cardboard130.jpg,512,384,1.333,RGB,16.2
cardboard,cardboard60.jpg,512,384,1.333,RGB,19.0
cardboard,cardboard353.jpg,512,384,1.333,RGB,8.2
cardboard,cardboard186.jpg,512,384,1.333,RGB,16.9
cardboard,cardboard97.jpg,512,384,1.333,RGB,23.9
cardboard,cardboard363.jpg,512,384,1.333,RGB,23.0
cardboard,cardboard208.jpg,512,384,1.333,RGB,11.3
cardboard,cardboard366.jpg,512,384,1.333,RGB,22.8
cardboard,cardboard385.jpg,512,384,1.333,RGB,19.9
cardboard,cardboard134.jpg,512,384,1.333,RGB,9.6
cardboard,cardboard274.jpg,512,384,1.333,RGB,10.2
cardboard,cardboard202.jpg,512,384,1.333,RGB,12.6
cardboard,cardboard256.jpg,512,384,1.333,RGB,16.9
cardboard,cardboard238.jpg,512,384,1.333,RGB,11.5
cardboard,cardboard120.jpg,512,384,1.333,RGB,25.8
cardboard,cardboard246.jpg,512,384,1.333,RGB,19.1
cardboard,cardboard166.jpg,512,384,1.333,RGB,27.2
cardboard,cardboard303.jpg,512,384,1.333,RGB,18.6
cardboard,cardboard173.jpg,512,384,1.333,RGB,9.6
cardboard,cardboard300.jpg,512,384,1.333,RGB,27.8
cardboard,cardboard259.jpg,512,384,1.333,RGB,21.3
cardboard,cardboard185.jpg,512,384,1.333,RGB,13.4
cardboard,cardboard189.jpg,512,384,1.333,RGB,17.6
cardboard,cardboard306.jpg,512,384,1.333,RGB,24.6
cardboard,cardboard192.jpg,512,384,1.333,RGB,21.3
cardboard,cardboard64.jpg,512,384,1.333,RGB,16.7
cardboard,cardboard88.jpg,512,384,1.333,RGB,30.1
cardboard,cardboard305.jpg,512,384,1.333,RGB,21.1
cardboard,cardboard356.jpg,512,384,1.333,RGB,19.2
cardboard,cardboard104.jpg,512,384,1.333,RGB,16.8
cardboard,cardboard269.jpg,512,384,1.333,RGB,27.4
cardboard,cardboard19.jpg,512,384,1.333,RGB,19.4
cardboard,cardboard244.jpg,512,384,1.333,RGB,24.9
cardboard,cardboard34.jpg,512,384,1.333,RGB,23.1
cardboard,cardboard237.jpg,512,384,1.333,RGB,16.2
cardboard,cardboard215.jpg,512,384,1.333,RGB,11.7
cardboard,cardboard266.jpg,512,384,1.333,RGB,34.1
cardboard,cardboard200.jpg,512,384,1.333,RGB,16.2
cardboard,cardboard206.jpg,512,384,1.333,RGB,17.8
cardboard,cardboard383.jpg,512,384,1.333,RGB,20.9
cardboard,cardboard119.jpg,512,384,1.333,RGB,25.5
cardboard,cardboard235.jpg,512,384,1.333,RGB,14.5
cardboard,cardboard291.jpg,512,384,1.333,RGB,19.1
cardboard,cardboard142.jpg,512,384,1.333,RGB,11.0
cardboard,cardboard285.jpg,512,384,1.333,RGB,20.6
cardboard,cardboard248.jpg,512,384,1.333,RGB,25.0
cardboard,cardboard225.jpg,512,384,1.333,RGB,21.7
cardboard,cardboard273.jpg,512,384,1.333,RGB,17.3
cardboard,cardboard54.jpg,512,384,1.333,RGB,13.8
cardboard,cardboard226.jpg,512,384,1.333,RGB,16.5
cardboard,cardboard133.jpg,512,384,1.333,RGB,8.7
cardboard,cardboard297.jpg,512,384,1.333,RGB,21.6
cardboard,cardboard180.jpg,512,384,1.333,RGB,13.6
cardboard,cardboard102.jpg,512,384,1.333,RGB,17.6
cardboard,cardboard224.jpg,512,384,1.333,RGB,14.4
cardboard,cardboard341.jpg,512,384,1.333,RGB,15.6
cardboard,cardboard81.jpg,512,384,1.333,RGB,25.1
cardboard,cardboard302.jpg,512,384,1.333,RGB,24.4
cardboard,cardboard288.jpg,512,384,1.333,RGB,18.6
cardboard,cardboard24.jpg,512,384,1.333,RGB,18.6
cardboard,cardboard320.jpg,512,384,1.333,RGB,14.4
cardboard,cardboard331.jpg,512,384,1.333,RGB,29.1
cardboard,cardboard162.jpg,512,384,1.333,RGB,26.1
cardboard,cardboard358.jpg,512,384,1.333,RGB,16.3
cardboard,cardboard374.jpg,512,384,1.333,RGB,24.7
cardboard,cardboard254.jpg,512,384,1.333,RGB,30.2
cardboard,cardboard66.jpg,512,384,1.333,RGB,25.5
cardboard,cardboard393.jpg,512,384,1.333,RGB,26.5
cardboard,cardboard113.jpg,512,384,1.333,RGB,19.7
cardboard,cardboard143.jpg,512,384,1.333,RGB,15.7
cardboard,cardboard89.jpg,512,384,1.333,RGB,22.3
cardboard,cardboard205.jpg,512,384,1.333,RGB,14.9
cardboard,cardboard326.jpg,512,384,1.333,RGB,27.9
cardboard,cardboard195.jpg,512,384,1.333,RGB,21.3
cardboard,cardboard160.jpg,512,384,1.333,RGB,15.8
cardboard,cardboard59.jpg,512,384,1.333,RGB,28.1
cardboard,cardboard44.jpg,512,384,1.333,RGB,21.6
cardboard,cardboard210.jpg,512,384,1.333,RGB,13.6
cardboard,cardboard211.jpg,512,384,1.333,RGB,14.4
cardboard,cardboard219.jpg,512,384,1.333,RGB,16.1
cardboard,cardboard372.jpg,512,384,1.333,RGB,20.2
cardboard,cardboard95.jpg,512,384,1.333,RGB,30.0
cardboard,cardboard401.jpg,512,384,1.333,RGB,10.3
cardboard,cardboard384.jpg,512,384,1.333,RGB,30.1
cardboard,cardboard5.jpg,512,384,1.333,RGB,18.5
cardboard,cardboard117.jpg,512,384,1.333,RGB,20.7
cardboard,cardboard93.jpg,512,384,1.333,RGB,19.1
cardboard,cardboard41.jpg,512,384,1.333,RGB,11.2
cardboard,cardboard70.jpg,512,384,1.333,RGB,24.0
cardboard,cardboard121.jpg,512,384,1.333,RGB,11.9
cardboard,cardboard264.jpg,512,384,1.333,RGB,21.9
cardboard,cardboard22.jpg,512,384,1.333,RGB,26.3
cardboard,cardboard318.jpg,512,384,1.333,RGB,23.1
cardboard,cardboard240.jpg,512,384,1.333,RGB,13.8
cardboard,cardboard18.jpg,512,384,1.333,RGB,22.0
cardboard,cardboard398.jpg,512,384,1.333,RGB,18.8
cardboard,cardboard51.jpg,512,384,1.333,RGB,21.2
cardboard,cardboard365.jpg,512,384,1.333,RGB,22.9
cardboard,cardboard309.jpg,512,384,1.333,RGB,15.5
cardboard,cardboard12.jpg,512,384,1.333,RGB,24.9
cardboard,cardboard122.jpg,512,384,1.333,RGB,20.8
cardboard,cardboard325.jpg,512,384,1.333,RGB,17.7
cardboard,cardboard378.jpg,512,384,1.333,RGB,24.8
cardboard,cardboard151.jpg,512,384,1.333,RGB,9.8
cardboard,cardboard20.jpg,512,384,1.333,RGB,22.8
cardboard,cardboard155.jpg,512,384,1.333,RGB,16.4
cardboard,cardboard16.jpg,512,384,1.333,RGB,12.4
cardboard,cardboard62.jpg,512,384,1.333,RGB,16.1
cardboard,cardboard106.jpg,512,384,1.333,RGB,25.8
cardboard,cardboard131.jpg,512,384,1.333,RGB,13.4
cardboard,cardboard214.jpg,512,384,1.333,RGB,11.8
cardboard,cardboard361.jpg,512,384,1.333,RGB,17.8
cardboard,cardboard84.jpg,512,384,1.333,RGB,29.5
cardboard,cardboard49.jpg,512,384,1.333,RGB,15.7
cardboard,cardboard48.jpg,512,384,1.333,RGB,23.7
cardboard,cardboard165.jpg,512,384,1.333,RGB,19.9
cardboard,cardboard167.jpg,512,384,1.333,RGB,19.0
cardboard,cardboard253.jpg,512,384,1.333,RGB,19.5
cardboard,cardboard294.jpg,512,384,1.333,RGB,12.1
cardboard,cardboard35.jpg,512,384,1.333,RGB,19.3
cardboard,cardboard289.jpg,512,384,1.333,RGB,23.8
cardboard,cardboard345.jpg,512,384,1.333,RGB,25.1
cardboard,cardboard176.jpg,512,384,1.333,RGB,28.8
cardboard,cardboard112.jpg,512,384,1.333,RGB,18.6
cardboard,cardboard191.jpg,512,384,1.333,RGB,24.2
cardboard,cardboard9.jpg,512,384,1.333,RGB,18.8
cardboard,cardboard350.jpg,512,384,1.333,RGB,13.0
cardboard,cardboard163.jpg,512,384,1.333,RGB,19.3
cardboard,cardboard128.jpg,512,384,1.333,RGB,13.2
cardboard,cardboard402.jpg,512,384,1.333,RGB,21.8
cardboard,cardboard277.jpg,512,384,1.333,RGB,26.3
cardboard,cardboard118.jpg,512,384,1.333,RGB,15.5
cardboard,cardboard30.jpg,512,384,1.333,RGB,19.7
cardboard,cardboard77.jpg,512,384,1.333,RGB,14.6
cardboard,cardboard400.jpg,512,384,1.333,RGB,17.6
cardboard,cardboard83.jpg,512,384,1.333,RGB,21.3
cardboard,cardboard58.jpg,512,384,1.333,RGB,20.0
cardboard,cardboard6.jpg,512,384,1.333,RGB,14.5
cardboard,cardboard322.jpg,512,384,1.333,RGB,18.8
cardboard,cardboard161.jpg,512,384,1.333,RGB,24.8
cardboard,cardboard222.jpg,512,384,1.333,RGB,20.3
cardboard,cardboard13.jpg,512,384,1.333,RGB,32.1
cardboard,cardboard229.jpg,512,384,1.333,RGB,15.5
cardboard,cardboard174.jpg,512,384,1.333,RGB,15.8
cardboard,cardboard201.jpg,512,384,1.333,RGB,15.7
cardboard,cardboard21.jpg,512,384,1.333,RGB,15.1
cardboard,cardboard26.jpg,512,384,1.333,RGB,13.8
cardboard,cardboard323.jpg,512,384,1.333,RGB,22.4
cardboard,cardboard307.jpg,512,384,1.333,RGB,21.9
cardboard,cardboard86.jpg,512,384,1.333,RGB,9.9
cardboard,cardboard403.jpg,512,384,1.333,RGB,16.7
cardboard,cardboard209.jpg,512,384,1.333,RGB,14.1
cardboard,cardboard272.jpg,512,384,1.333,RGB,20.7
cardboard,cardboard132.jpg,512,384,1.333,RGB,10.3
cardboard,cardboard183.jpg,512,384,1.333,RGB,16.4
cardboard,cardboard33.jpg,512,384,1.333,RGB,12.0
cardboard,cardboard327.jpg,512,384,1.333,RGB,15.2
cardboard,cardboard308.jpg,512,384,1.333,RGB,23.5
cardboard,cardboard329.jpg,512,384,1.333,RGB,22.6
cardboard,cardboard171.jpg,512,384,1.333,RGB,8.3
cardboard,cardboard23.jpg,512,384,1.333,RGB,19.0
cardboard,cardboard65.jpg,512,384,1.333,RGB,20.2
cardboard,cardboard116.jpg,512,384,1.333,RGB,14.9
cardboard,cardboard145.jpg,512,384,1.333,RGB,12.0
cardboard,cardboard178.jpg,512,384,1.333,RGB,18.5
cardboard,cardboard3.jpg,512,384,1.333,RGB,20.8
cardboard,cardboard203.jpg,512,384,1.333,RGB,17.6
cardboard,cardboard25.jpg,512,384,1.333,RGB,25.2
cardboard,cardboard168.jpg,512,384,1.333,RGB,15.3
cardboard,cardboard150.jpg,512,384,1.333,RGB,10.8
cardboard,cardboard233.jpg,512,384,1.333,RGB,20.3
cardboard,cardboard72.jpg,512,384,1.333,RGB,21.6
cardboard,cardboard137.jpg,512,384,1.333,RGB,7.5
cardboard,cardboard156.jpg,512,384,1.333,RGB,14.3
cardboard,cardboard96.jpg,512,384,1.333,RGB,18.9
cardboard,cardboard394.jpg,512,384,1.333,RGB,17.3
cardboard,cardboard298.jpg,512,384,1.333,RGB,14.3
cardboard,cardboard376.jpg,512,384,1.333,RGB,15.8
cardboard,cardboard367.jpg,512,384,1.333,RGB,20.4
cardboard,cardboard204.jpg,512,384,1.333,RGB,17.4
cardboard,cardboard387.jpg,512,384,1.333,RGB,8.6
cardboard,cardboard348.jpg,512,384,1.333,RGB,13.2
cardboard,cardboard169.jpg,512,384,1.333,RGB,12.2
cardboard,cardboard182.jpg,512,384,1.333,RGB,16.8
cardboard,cardboard389.jpg,512,384,1.333,RGB,16.5
cardboard,cardboard399.jpg,512,384,1.333,RGB,10.0
cardboard,cardboard149.jpg,512,384,1.333,RGB,14.0
cardboard,cardboard217.jpg,512,384,1.333,RGB,9.4
cardboard,cardboard250.jpg,512,384,1.333,RGB,24.1
cardboard,cardboard317.jpg,512,384,1.333,RGB,23.9
cardboard,cardboard380.jpg,512,384,1.333,RGB,13.4
cardboard,cardboard340.jpg,512,384,1.333,RGB,20.8
cardboard,cardboard232.jpg,512,384,1.333,RGB,24.0
cardboard,cardboard164.jpg,512,384,1.333,RGB,14.1
cardboard,cardboard103.jpg,512,384,1.333,RGB,20.6
cardboard,cardboard216.jpg,512,384,1.333,RGB,8.2
cardboard,cardboard257.jpg,512,384,1.333,RGB,18.5
cardboard,cardboard74.jpg,512,384,1.333,RGB,20.4
cardboard,cardboard213.jpg,512,384,1.333,RGB,12.0
cardboard,cardboard45.jpg,512,384,1.333,RGB,24.0
cardboard,cardboard242.jpg,512,384,1.333,RGB,26.7
cardboard,cardboard198.jpg,512,384,1.333,RGB,18.2
cardboard,cardboard379.jpg,512,384,1.333,RGB,24.0
cardboard,cardboard1.jpg,512,384,1.333,RGB,16.9
cardboard,cardboard4.jpg,512,384,1.333,RGB,18.0
cardboard,cardboard80.jpg,512,384,1.333,RGB,15.6
cardboard,cardboard370.jpg,512,384,1.333,RGB,19.4
cardboard,cardboard321.jpg,512,384,1.333,RGB,23.2
cardboard,cardboard175.jpg,512,384,1.333,RGB,22.7
cardboard,cardboard126.jpg,512,384,1.333,RGB,21.1
cardboard,cardboard158.jpg,512,384,1.333,RGB,18.5
cardboard,cardboard360.jpg,512,384,1.333,RGB,26.1
cardboard,cardboard260.jpg,512,384,1.333,RGB,23.4
cardboard,cardboard364.jpg,512,384,1.333,RGB,16.8
cardboard,cardboard100.jpg,512,384,1.333,RGB,14.5
cardboard,cardboard11.jpg,512,384,1.333,RGB,20.0
cardboard,cardboard32.jpg,512,384,1.333,RGB,21.3
cardboard,cardboard52.jpg,512,384,1.333,RGB,21.4
cardboard,cardboard28.jpg,512,384,1.333,RGB,14.4
cardboard,cardboard282.jpg,512,384,1.333,RGB,15.0
cardboard,cardboard8.jpg,512,384,1.333,RGB,14.9
cardboard,cardboard261.jpg,512,384,1.333,RGB,21.2
cardboard,cardboard381.jpg,512,384,1.333,RGB,24.4
cardboard,cardboard265.jpg,512,384,1.333,RGB,14.7
cardboard,cardboard267.jpg,512,384,1.333,RGB,11.7
cardboard,cardboard111.jpg,512,384,1.333,RGB,24.3
cardboard,cardboard196.jpg,512,384,1.333,RGB,17.1
cardboard,cardboard69.jpg,512,384,1.333,RGB,22.4
cardboard,cardboard36.jpg,512,384,1.333,RGB,18.9
cardboard,cardboard351.jpg,512,384,1.333,RGB,14.2
cardboard,cardboard2.jpg,512,384,1.333,RGB,17.7
cardboard,cardboard332.jpg,512,384,1.333,RGB,15.3
cardboard,cardboard354.jpg,512,384,1.333,RGB,9.3
cardboard,cardboard295.jpg,512,384,1.333,RGB,10.0
cardboard,cardboard146.jpg,512,384,1.333,RGB,15.8
cardboard,cardboard147.jpg,512,384,1.333,RGB,15.9
cardboard,cardboard109.jpg,512,384,1.333,RGB,16.2
cardboard,cardboard108.jpg,512,384,1.333,RGB,25.0
cardboard,cardboard339.jpg,512,384,1.333,RGB,21.2
cardboard,cardboard73.jpg,512,384,1.333,RGB,21.0
cardboard,cardboard56.jpg,512,384,1.333,RGB,19.4
cardboard,cardboard352.jpg,512,384,1.333,RGB,22.5
cardboard,cardboard43.jpg,512,384,1.333,RGB,12.4
cardboard,cardboard227.jpg,512,384,1.333,RGB,13.6
cardboard,cardboard268.jpg,512,384,1.333,RGB,13.4
cardboard,cardboard231.jpg,512,384,1.333,RGB,14.5
cardboard,cardboard271.jpg,512,384,1.333,RGB,18.0
cardboard,cardboard359.jpg,512,384,1.333,RGB,21.2
cardboard,cardboard346.jpg,512,384,1.333,RGB,11.6
cardboard,cardboard280.jpg,512,384,1.333,RGB,24.1
cardboard,cardboard187.jpg,512,384,1.333,RGB,15.8
cardboard,cardboard283.jpg,512,384,1.333,RGB,15.2
cardboard,cardboard154.jpg,512,384,1.333,RGB,14.5
cardboard,cardboard397.jpg,512,384,1.333,RGB,16.0
cardboard,cardboard373.jpg,512,384,1.333,RGB,22.0
cardboard,cardboard172.jpg,512,384,1.333,RGB,11.4
cardboard,cardboard281.jpg,512,384,1.333,RGB,21.7
cardboard,cardboard7.jpg,512,384,1.333,RGB,19.7
glass,glass421.jpg,512,384,1.333,RGB,10.5
glass,glass197.jpg,512,384,1.333,RGB,12.5
glass,glass142.jpg,512,384,1.333,RGB,15.0
glass,glass151.jpg,512,384,1.333,RGB,16.6
glass,glass318.jpg,512,384,1.333,RGB,17.8
glass,glass370.jpg,512,384,1.333,RGB,14.3
glass,glass351.jpg,512,384,1.333,RGB,12.5
glass,glass384.jpg,512,384,1.333,RGB,13.1
glass,glass427.jpg,512,384,1.333,RGB,16.0
glass,glass122.jpg,512,384,1.333,RGB,23.6
glass,glass330.jpg,512,384,1.333,RGB,11.3
glass,glass475.jpg,512,384,1.333,RGB,12.7
glass,glass497.jpg,512,384,1.333,RGB,18.3
glass,glass464.jpg,512,384,1.333,RGB,10.9
glass,glass84.jpg,512,384,1.333,RGB,10.7
glass,glass214.jpg,512,384,1.333,RGB,6.7
glass,glass500.jpg,512,384,1.333,RGB,11.6
glass,glass387.jpg,512,384,1.333,RGB,17.2
glass,glass329.jpg,512,384,1.333,RGB,14.2
glass,glass484.jpg,512,384,1.333,RGB,11.2
glass,glass204.jpg,512,384,1.333,RGB,7.2
glass,glass37.jpg,512,384,1.333,RGB,11.8
glass,glass213.jpg,512,384,1.333,RGB,5.5
glass,glass283.jpg,512,384,1.333,RGB,15.5
glass,glass313.jpg,512,384,1.333,RGB,12.9
glass,glass476.jpg,512,384,1.333,RGB,11.3
glass,glass261.jpg,512,384,1.333,RGB,11.0
glass,glass292.jpg,512,384,1.333,RGB,9.5
glass,glass176.jpg,512,384,1.333,RGB,15.8
glass,glass250.jpg,512,384,1.333,RGB,9.2
glass,glass419.jpg,512,384,1.333,RGB,14.5
glass,glass487.jpg,512,384,1.333,RGB,14.7
glass,glass449.jpg,512,384,1.333,RGB,9.9
glass,glass338.jpg,512,384,1.333,RGB,9.3
glass,glass402.jpg,512,384,1.333,RGB,15.2
glass,glass275.jpg,512,384,1.333,RGB,9.9
glass,glass403.jpg,512,384,1.333,RGB,10.2
glass,glass47.jpg,512,384,1.333,RGB,10.8
glass,glass73.jpg,512,384,1.333,RGB,9.9
glass,glass3.jpg,512,384,1.333,RGB,8.4
glass,glass360.jpg,512,384,1.333,RGB,13.4
glass,glass90.jpg,512,384,1.333,RGB,8.9
glass,glass320.jpg,512,384,1.333,RGB,12.7
glass,glass277.jpg,512,384,1.333,RGB,11.3
glass,glass136.jpg,512,384,1.333,RGB,10.3
glass,glass493.jpg,512,384,1.333,RGB,14.5
glass,glass309.jpg,512,384,1.333,RGB,19.4
glass,glass29.jpg,512,384,1.333,RGB,9.5
glass,glass296.jpg,512,384,1.333,RGB,15.5
glass,glass328.jpg,512,384,1.333,RGB,11.8
glass,glass268.jpg,512,384,1.333,RGB,15.1
glass,glass51.jpg,512,384,1.333,RGB,10.1
glass,glass53.jpg,512,384,1.333,RGB,9.9
glass,glass472.jpg,512,384,1.333,RGB,10.1
glass,glass482.jpg,512,384,1.333,RGB,19.8
glass,glass236.jpg,512,384,1.333,RGB,8.3
glass,glass255.jpg,512,384,1.333,RGB,16.0
glass,glass374.jpg,512,384,1.333,RGB,13.3
glass,glass479.jpg,512,384,1.333,RGB,11.5
glass,glass231.jpg,512,384,1.333,RGB,9.2
glass,glass300.jpg,512,384,1.333,RGB,9.8
glass,glass141.jpg,512,384,1.333,RGB,12.3
glass,glass399.jpg,512,384,1.333,RGB,14.7
glass,glass77.jpg,512,384,1.333,RGB,12.8
glass,glass185.jpg,512,384,1.333,RGB,20.1
glass,glass294.jpg,512,384,1.333,RGB,10.8
glass,glass435.jpg,512,384,1.333,RGB,18.5
glass,glass27.jpg,512,384,1.333,RGB,18.4
glass,glass174.jpg,512,384,1.333,RGB,16.0
glass,glass21.jpg,512,384,1.333,RGB,27.3
glass,glass4.jpg,512,384,1.333,RGB,8.9
glass,glass235.jpg,512,384,1.333,RGB,8.4
glass,glass348.jpg,512,384,1.333,RGB,17.5
glass,glass246.jpg,512,384,1.333,RGB,7.3
glass,glass337.jpg,512,384,1.333,RGB,14.0
glass,glass208.jpg,512,384,1.333,RGB,10.1
glass,glass234.jpg,512,384,1.333,RGB,7.9
glass,glass166.jpg,512,384,1.333,RGB,10.5
glass,glass156.jpg,512,384,1.333,RGB,18.4
glass,glass96.jpg,512,384,1.333,RGB,13.3
glass,glass89.jpg,512,384,1.333,RGB,18.2
glass,glass314.jpg,512,384,1.333,RGB,10.9
glass,glass423.jpg,512,384,1.333,RGB,14.2
glass,glass138.jpg,512,384,1.333,RGB,17.0
glass,glass63.jpg,512,384,1.333,RGB,15.5
glass,glass100.jpg,512,384,1.333,RGB,21.0
glass,glass65.jpg,512,384,1.333,RGB,24.5
glass,glass343.jpg,512,384,1.333,RGB,12.8
glass,glass281.jpg,512,384,1.333,RGB,7.3
glass,glass93.jpg,512,384,1.333,RGB,12.0
glass,glass266.jpg,512,384,1.333,RGB,12.3
glass,glass67.jpg,512,384,1.333,RGB,15.0
glass,glass18.jpg,512,384,1.333,RGB,11.6
glass,glass192.jpg,512,384,1.333,RGB,16.1
glass,glass248.jpg,512,384,1.333,RGB,13.5
glass,glass347.jpg,512,384,1.333,RGB,10.8
glass,glass483.jpg,512,384,1.333,RGB,9.9
glass,glass117.jpg,512,384,1.333,RGB,22.7
glass,glass39.jpg,512,384,1.333,RGB,17.4
glass,glass62.jpg,512,384,1.333,RGB,17.6
glass,glass426.jpg,512,384,1.333,RGB,9.7
glass,glass222.jpg,512,384,1.333,RGB,7.8
glass,glass74.jpg,512,384,1.333,RGB,8.0
glass,glass389.jpg,512,384,1.333,RGB,15.1
glass,glass437.jpg,512,384,1.333,RGB,11.9
glass,glass252.jpg,512,384,1.333,RGB,10.0
glass,glass147.jpg,512,384,1.333,RGB,10.0
glass,glass285.jpg,512,384,1.333,RGB,9.1
glass,glass133.jpg,512,384,1.333,RGB,11.1
glass,glass491.jpg,512,384,1.333,RGB,10.8
glass,glass210.jpg,512,384,1.333,RGB,6.6
glass,glass106.jpg,512,384,1.333,RGB,11.4
glass,glass289.jpg,512,384,1.333,RGB,12.6
glass,glass467.jpg,512,384,1.333,RGB,13.5
glass,glass381.jpg,512,384,1.333,RGB,13.9
glass,glass264.jpg,512,384,1.333,RGB,12.8
glass,glass265.jpg,512,384,1.333,RGB,11.0
glass,glass68.jpg,512,384,1.333,RGB,16.7
glass,glass339.jpg,512,384,1.333,RGB,8.3
glass,glass87.jpg,512,384,1.333,RGB,14.7
glass,glass196.jpg,512,384,1.333,RGB,7.0
glass,glass303.jpg,512,384,1.333,RGB,14.3
glass,glass271.jpg,512,384,1.333,RGB,11.3
glass,glass297.jpg,512,384,1.333,RGB,14.3
glass,glass478.jpg,512,384,1.333,RGB,13.2
glass,glass350.jpg,512,384,1.333,RGB,7.2
glass,glass262.jpg,512,384,1.333,RGB,7.1
glass,glass460.jpg,512,384,1.333,RGB,9.7
glass,glass286.jpg,512,384,1.333,RGB,14.4
glass,glass157.jpg,512,384,1.333,RGB,15.7
glass,glass153.jpg,512,384,1.333,RGB,14.6
glass,glass91.jpg,512,384,1.333,RGB,16.2
glass,glass353.jpg,512,384,1.333,RGB,12.3
glass,glass306.jpg,512,384,1.333,RGB,12.6
glass,glass1.jpg,512,384,1.333,RGB,8.1
glass,glass178.jpg,512,384,1.333,RGB,8.5
glass,glass61.jpg,512,384,1.333,RGB,19.3
glass,glass462.jpg,512,384,1.333,RGB,7.8
glass,glass368.jpg,512,384,1.333,RGB,10.2
glass,glass152.jpg,512,384,1.333,RGB,13.6
glass,glass413.jpg,512,384,1.333,RGB,11.8
glass,glass362.jpg,512,384,1.333,RGB,11.4
glass,glass456.jpg,512,384,1.333,RGB,11.2
glass,glass312.jpg,512,384,1.333,RGB,10.3
glass,glass38.jpg,512,384,1.333,RGB,14.0
glass,glass443.jpg,512,384,1.333,RGB,13.0
glass,glass317.jpg,512,384,1.333,RGB,11.6
glass,glass488.jpg,512,384,1.333,RGB,16.1
glass,glass420.jpg,512,384,1.333,RGB,17.2
glass,glass169.jpg,512,384,1.333,RGB,11.4
glass,glass168.jpg,512,384,1.333,RGB,13.2
glass,glass220.jpg,512,384,1.333,RGB,7.0
glass,glass237.jpg,512,384,1.333,RGB,7.3
glass,glass323.jpg,512,384,1.333,RGB,12.0
glass,glass12.jpg,512,384,1.333,RGB,7.3
glass,glass245.jpg,512,384,1.333,RGB,8.6
glass,glass2.jpg,512,384,1.333,RGB,10.7
glass,glass177.jpg,512,384,1.333,RGB,17.3
glass,glass20.jpg,512,384,1.333,RGB,14.7
glass,glass433.jpg,512,384,1.333,RGB,20.2
glass,glass171.jpg,512,384,1.333,RGB,10.9
glass,glass150.jpg,512,384,1.333,RGB,17.6
glass,glass148.jpg,512,384,1.333,RGB,16.2
glass,glass95.jpg,512,384,1.333,RGB,9.6
glass,glass428.jpg,512,384,1.333,RGB,14.3
glass,glass233.jpg,512,384,1.333,RGB,7.1
glass,glass494.jpg,512,384,1.333,RGB,9.8
glass,glass112.jpg,512,384,1.333,RGB,12.2
glass,glass473.jpg,512,384,1.333,RGB,11.2
glass,glass130.jpg,512,384,1.333,RGB,11.0
glass,glass438.jpg,512,384,1.333,RGB,13.8
glass,glass379.jpg,512,384,1.333,RGB,18.2
glass,glass163.jpg,512,384,1.333,RGB,19.0
glass,glass107.jpg,512,384,1.333,RGB,15.4
glass,glass35.jpg,512,384,1.333,RGB,23.4
glass,glass34.jpg,512,384,1.333,RGB,20.2
glass,glass369.jpg,512,384,1.333,RGB,10.9
glass,glass144.jpg,512,384,1.333,RGB,13.6
glass,glass66.jpg,512,384,1.333,RGB,13.5
glass,glass335.jpg,512,384,1.333,RGB,17.8
glass,glass254.jpg,512,384,1.333,RGB,11.7
glass,glass414.jpg,512,384,1.333,RGB,17.2
glass,glass60.jpg,512,384,1.333,RGB,14.8
glass,glass207.jpg,512,384,1.333,RGB,9.9
glass,glass270.jpg,512,384,1.333,RGB,8.1
glass,glass393.jpg,512,384,1.333,RGB,10.9
glass,glass425.jpg,512,384,1.333,RGB,17.1
glass,glass459.jpg,512,384,1.333,RGB,10.4
glass,glass125.jpg,512,384,1.333,RGB,14.3
glass,glass10.jpg,512,384,1.333,RGB,8.5
glass,glass111.jpg,512,384,1.333,RGB,17.6
glass,glass324.jpg,512,384,1.333,RGB,18.6
glass,glass175.jpg,512,384,1.333,RGB,9.1
glass,glass450.jpg,512,384,1.333,RGB,18.5
glass,glass391.jpg,512,384,1.333,RGB,13.7
glass,glass278.jpg,512,384,1.333,RGB,33.0
glass,glass17.jpg,512,384,1.333,RGB,19.4
glass,glass492.jpg,512,384,1.333,RGB,14.6
glass,glass42.jpg,512,384,1.333,RGB,24.1
glass,glass365.jpg,512,384,1.333,RGB,10.2
glass,glass400.jpg,512,384,1.333,RGB,15.0
glass,glass232.jpg,512,384,1.333,RGB,15.0
glass,glass113.jpg,512,384,1.333,RGB,9.4
glass,glass469.jpg,512,384,1.333,RGB,12.6
glass,glass489.jpg,512,384,1.333,RGB,20.3
glass,glass342.jpg,512,384,1.333,RGB,9.5
glass,glass249.jpg,512,384,1.333,RGB,10.3
glass,glass410.jpg,512,384,1.333,RGB,13.2
glass,glass191.jpg,512,384,1.333,RGB,7.5
glass,glass432.jpg,512,384,1.333,RGB,16.7
glass,glass385.jpg,512,384,1.333,RGB,19.9
glass,glass290.jpg,512,384,1.333,RGB,11.0
glass,glass431.jpg,512,384,1.333,RGB,12.3
glass,glass201.jpg,512,384,1.333,RGB,15.9
glass,glass206.jpg,512,384,1.333,RGB,8.4
glass,glass366.jpg,512,384,1.333,RGB,10.7
glass,glass461.jpg,512,384,1.333,RGB,12.4
glass,glass448.jpg,512,384,1.333,RGB,15.5
glass,glass24.jpg,512,384,1.333,RGB,8.2
glass,glass211.jpg,512,384,1.333,RGB,6.4
glass,glass253.jpg,512,384,1.333,RGB,12.1
glass,glass216.jpg,512,384,1.333,RGB,8.4
glass,glass498.jpg,512,384,1.333,RGB,10.0
glass,glass9.jpg,512,384,1.333,RGB,12.3
glass,glass40.jpg,512,384,1.333,RGB,19.1
glass,glass471.jpg,512,384,1.333,RGB,14.4
glass,glass23.jpg,512,384,1.333,RGB,20.5
glass,glass30.jpg,512,384,1.333,RGB,9.9
glass,glass41.jpg,512,384,1.333,RGB,13.0
glass,glass485.jpg,512,384,1.333,RGB,16.3
glass,glass307.jpg,512,384,1.333,RGB,16.3
glass,glass115.jpg,512,384,1.333,RGB,8.5
glass,glass215.jpg,512,384,1.333,RGB,8.6
glass,glass322.jpg,512,384,1.333,RGB,11.9
glass,glass187.jpg,512,384,1.333,RGB,8.5
glass,glass71.jpg,512,384,1.333,RGB,15.9
glass,glass359.jpg,512,384,1.333,RGB,28.2
glass,glass219.jpg,512,384,1.333,RGB,20.0
glass,glass240.jpg,512,384,1.333,RGB,9.1
glass,glass8.jpg,512,384,1.333,RGB,7.9
glass,glass411.jpg,512,384,1.333,RGB,12.6
glass,glass382.jpg,512,384,1.333,RGB,16.0
glass,glass57.jpg,512,384,1.333,RGB,10.2
glass,glass145.jpg,512,384,1.333,RGB,16.7
glass,glass310.jpg,512,384,1.333,RGB,10.8
glass,glass167.jpg,512,384,1.333,RGB,12.6
glass,glass189.jpg,512,384,1.333,RGB,11.2
glass,glass378.jpg,512,384,1.333,RGB,12.7
glass,glass434.jpg,512,384,1.333,RGB,14.2
glass,glass446.jpg,512,384,1.333,RGB,14.6
glass,glass415.jpg,512,384,1.333,RGB,12.5
glass,glass447.jpg,512,384,1.333,RGB,14.1
glass,glass137.jpg,512,384,1.333,RGB,17.1
glass,glass352.jpg,512,384,1.333,RGB,14.4
glass,glass119.jpg,512,384,1.333,RGB,12.0
glass,glass299.jpg,512,384,1.333,RGB,12.5
glass,glass195.jpg,512,384,1.333,RGB,16.7
glass,glass334.jpg,512,384,1.333,RGB,17.0
glass,glass183.jpg,512,384,1.333,RGB,9.2
glass,glass386.jpg,512,384,1.333,RGB,11.7
glass,glass121.jpg,512,384,1.333,RGB,15.5
glass,glass182.jpg,512,384,1.333,RGB,8.5
glass,glass288.jpg,512,384,1.333,RGB,10.2
glass,glass454.jpg,512,384,1.333,RGB,12.6
glass,glass349.jpg,512,384,1.333,RGB,11.9
glass,glass256.jpg,512,384,1.333,RGB,8.1
glass,glass416.jpg,512,384,1.333,RGB,13.3
glass,glass344.jpg,512,384,1.333,RGB,7.5
glass,glass383.jpg,512,384,1.333,RGB,23.4
glass,glass251.jpg,512,384,1.333,RGB,12.2
glass,glass212.jpg,512,384,1.333,RGB,5.9
glass,glass97.jpg,512,384,1.333,RGB,12.4
glass,glass257.jpg,512,384,1.333,RGB,8.4
glass,glass127.jpg,512,384,1.333,RGB,8.3
glass,glass19.jpg,512,384,1.333,RGB,13.0
glass,glass108.jpg,512,384,1.333,RGB,13.6
glass,glass86.jpg,512,384,1.333,RGB,16.3
glass,glass102.jpg,512,384,1.333,RGB,12.0
glass,glass184.jpg,512,384,1.333,RGB,16.7
glass,glass135.jpg,512,384,1.333,RGB,14.2
glass,glass445.jpg,512,384,1.333,RGB,14.7
glass,glass358.jpg,512,384,1.333,RGB,13.0
glass,glass159.jpg,512,384,1.333,RGB,15.3
glass,glass162.jpg,512,384,1.333,RGB,14.3
glass,glass116.jpg,512,384,1.333,RGB,17.4
glass,glass193.jpg,512,384,1.333,RGB,9.5
glass,glass315.jpg,512,384,1.333,RGB,13.8
glass,glass33.jpg,512,384,1.333,RGB,11.4
glass,glass263.jpg,512,384,1.333,RGB,10.7
glass,glass409.jpg,512,384,1.333,RGB,19.3
glass,glass272.jpg,512,384,1.333,RGB,15.3
glass,glass457.jpg,512,384,1.333,RGB,10.9
glass,glass496.jpg,512,384,1.333,RGB,11.6
glass,glass458.jpg,512,384,1.333,RGB,13.9
glass,glass226.jpg,512,384,1.333,RGB,13.1
glass,glass55.jpg,512,384,1.333,RGB,8.0
glass,glass70.jpg,512,384,1.333,RGB,14.1
glass,glass56.jpg,512,384,1.333,RGB,9.6
glass,glass143.jpg,512,384,1.333,RGB,11.6
glass,glass392.jpg,512,384,1.333,RGB,15.1
glass,glass441.jpg,512,384,1.333,RGB,13.4
glass,glass109.jpg,512,384,1.333,RGB,18.5
glass,glass92.jpg,512,384,1.333,RGB,13.5
glass,glass377.jpg,512,384,1.333,RGB,15.9
glass,glass346.jpg,512,384,1.333,RGB,12.0
glass,glass499.jpg,512,384,1.333,RGB,8.8
glass,glass58.jpg,512,384,1.333,RGB,11.0
glass,glass345.jpg,512,384,1.333,RGB,10.2
glass,glass367.jpg,512,384,1.333,RGB,13.9
glass,glass221.jpg,512,384,1.333,RGB,6.9
glass,glass295.jpg,512,384,1.333,RGB,14.0
glass,glass131.jpg,512,384,1.333,RGB,12.4
glass,glass280.jpg,512,384,1.333,RGB,19.6
glass,glass134.jpg,512,384,1.333,RGB,14.0
glass,glass244.jpg,512,384,1.333,RGB,9.8
glass,glass132.jpg,512,384,1.333,RGB,9.0
glass,glass451.jpg,512,384,1.333,RGB,18.3
glass,glass7.jpg,512,384,1.333,RGB,10.1
glass,glass486.jpg,512,384,1.333,RGB,15.7
glass,glass103.jpg,512,384,1.333,RGB,11.1
glass,glass372.jpg,512,384,1.333,RGB,13.2
glass,glass291.jpg,512,384,1.333,RGB,13.3
glass,glass5.jpg,512,384,1.333,RGB,8.9
glass,glass442.jpg,512,384,1.333,RGB,22.7
glass,glass188.jpg,512,384,1.333,RGB,7.7
glass,glass397.jpg,512,384,1.333,RGB,16.2
glass,glass165.jpg,512,384,1.333,RGB,18.1
glass,glass83.jpg,512,384,1.333,RGB,12.5
glass,glass319.jpg,512,384,1.333,RGB,18.5
glass,glass269.jpg,512,384,1.333,RGB,10.6
glass,glass355.jpg,512,384,1.333,RGB,11.3
glass,glass354.jpg,512,384,1.333,RGB,11.0
glass,glass326.jpg,512,384,1.333,RGB,15.3
glass,glass170.jpg,512,384,1.333,RGB,9.4
glass,glass466.jpg,512,384,1.333,RGB,11.4
glass,glass227.jpg,512,384,1.333,RGB,8.0
glass,glass239.jpg,512,384,1.333,RGB,9.0
glass,glass48.jpg,512,384,1.333,RGB,9.6
glass,glass247.jpg,512,384,1.333,RGB,9.9
glass,glass54.jpg,512,384,1.333,RGB,18.6
glass,glass417.jpg,512,384,1.333,RGB,20.2
glass,glass31.jpg,512,384,1.333,RGB,17.9
glass,glass238.jpg,512,384,1.333,RGB,7.3
glass,glass395.jpg,512,384,1.333,RGB,11.4
glass,glass332.jpg,512,384,1.333,RGB,15.9
glass,glass501.jpg,512,384,1.333,RGB,20.3
glass,glass124.jpg,512,384,1.333,RGB,12.8
glass,glass404.jpg,512,384,1.333,RGB,9.1
glass,glass75.jpg,512,384,1.333,RGB,17.7
glass,glass293.jpg,512,384,1.333,RGB,18.0
glass,glass356.jpg,512,384,1.333,RGB,20.5
glass,glass276.jpg,512,384,1.333,RGB,9.5
glass,glass468.jpg,512,384,1.333,RGB,10.5
glass,glass259.jpg,512,384,1.333,RGB,9.4
glass,glass490.jpg,512,384,1.333,RGB,11.1
glass,glass64.jpg,512,384,1.333,RGB,13.3
glass,glass194.jpg,512,384,1.333,RGB,9.1
glass,glass364.jpg,512,384,1.333,RGB,12.7
glass,glass376.jpg,512,384,1.333,RGB,17.1
glass,glass394.jpg,512,384,1.333,RGB,10.4
glass,glass302.jpg,512,384,1.333,RGB,19.8
glass,glass412.jpg,512,384,1.333,RGB,23.5
glass,glass203.jpg,512,384,1.333,RGB,6.6
glass,glass72.jpg,512,384,1.333,RGB,13.9
glass,glass401.jpg,512,384,1.333,RGB,23.5
glass,glass229.jpg,512,384,1.333,RGB,9.7
glass,glass390.jpg,512,384,1.333,RGB,10.7
glass,glass14.jpg,512,384,1.333,RGB,7.7
glass,glass380.jpg,512,384,1.333,RGB,9.2
glass,glass439.jpg,512,384,1.333,RGB,10.1
glass,glass225.jpg,512,384,1.333,RGB,7.8
glass,glass274.jpg,512,384,1.333,RGB,11.7
glass,glass160.jpg,512,384,1.333,RGB,13.8
glass,glass371.jpg,512,384,1.333,RGB,14.3
glass,glass453.jpg,512,384,1.333,RGB,11.5
glass,glass316.jpg,512,384,1.333,RGB,19.7
glass,glass164.jpg,512,384,1.333,RGB,13.8
glass,glass477.jpg,512,384,1.333,RGB,12.2
glass,glass333.jpg,512,384,1.333,RGB,9.9
glass,glass88.jpg,512,384,1.333,RGB,11.3
glass,glass186.jpg,512,384,1.333,RGB,18.3
glass,glass311.jpg,512,384,1.333,RGB,14.2
glass,glass455.jpg,512,384,1.333,RGB,12.3
glass,glass149.jpg,512,384,1.333,RGB,12.4
glass,glass287.jpg,512,384,1.333,RGB,9.2
glass,glass82.jpg,512,384,1.333,RGB,10.1
glass,glass120.jpg,512,384,1.333,RGB,9.0
glass,glass179.jpg,512,384,1.333,RGB,9.5
glass,glass36.jpg,512,384,1.333,RGB,11.8
glass,glass46.jpg,512,384,1.333,RGB,12.2
glass,glass181.jpg,512,384,1.333,RGB,14.6
glass,glass15.jpg,512,384,1.333,RGB,8.9
glass,glass230.jpg,512,384,1.333,RGB,7.4
glass,glass146.jpg,512,384,1.333,RGB,10.6
glass,glass495.jpg,512,384,1.333,RGB,9.5
glass,glass341.jpg,512,384,1.333,RGB,11.1
glass,glass44.jpg,512,384,1.333,RGB,15.9
glass,glass424.jpg,512,384,1.333,RGB,11.2
glass,glass190.jpg,512,384,1.333,RGB,14.3
glass,glass209.jpg,512,384,1.333,RGB,7.0
glass,glass444.jpg,512,384,1.333,RGB,8.4
glass,glass154.jpg,512,384,1.333,RGB,16.0
glass,glass205.jpg,512,384,1.333,RGB,7.6
glass,glass110.jpg,512,384,1.333,RGB,19.8
glass,glass373.jpg,512,384,1.333,RGB,9.0
glass,glass78.jpg,512,384,1.333,RGB,13.5
glass,glass16.jpg,512,384,1.333,RGB,9.2
glass,glass430.jpg,512,384,1.333,RGB,17.0
glass,glass128.jpg,512,384,1.333,RGB,15.7
glass,glass284.jpg,512,384,1.333,RGB,10.7
glass,glass408.jpg,512,384,1.333,RGB,16.8
glass,glass398.jpg,512,384,1.333,RGB,14.0
glass,glass129.jpg,512,384,1.333,RGB,13.5
glass,glass470.jpg,512,384,1.333,RGB,20.6
glass,glass242.jpg,512,384,1.333,RGB,7.0
glass,glass98.jpg,512,384,1.333,RGB,12.4
glass,glass388.jpg,512,384,1.333,RGB,13.2
glass,glass228.jpg,512,384,1.333,RGB,6.5
glass,glass260.jpg,512,384,1.333,RGB,13.7
glass,glass123.jpg,512,384,1.333,RGB,17.0
glass,glass273.jpg,512,384,1.333,RGB,15.0
glass,glass45.jpg,512,384,1.333,RGB,10.8
glass,glass361.jpg,512,384,1.333,RGB,14.5
glass,glass199.jpg,512,384,1.333,RGB,18.7
glass,glass282.jpg,512,384,1.333,RGB,16.0
glass,glass101.jpg,512,384,1.333,RGB,14.7
glass,glass258.jpg,512,384,1.333,RGB,8.8
glass,glass363.jpg,512,384,1.333,RGB,11.6
glass,glass76.jpg,512,384,1.333,RGB,9.0
glass,glass406.jpg,512,384,1.333,RGB,20.6
glass,glass336.jpg,512,384,1.333,RGB,17.5
glass,glass480.jpg,512,384,1.333,RGB,18.5
glass,glass474.jpg,512,384,1.333,RGB,10.2
glass,glass325.jpg,512,384,1.333,RGB,8.5
glass,glass126.jpg,512,384,1.333,RGB,11.6
glass,glass465.jpg,512,384,1.333,RGB,12.1
glass,glass81.jpg,512,384,1.333,RGB,13.2
glass,glass140.jpg,512,384,1.333,RGB,9.3
glass,glass80.jpg,512,384,1.333,RGB,13.3
glass,glass25.jpg,512,384,1.333,RGB,14.4
glass,glass13.jpg,512,384,1.333,RGB,7.5
glass,glass429.jpg,512,384,1.333,RGB,13.4
glass,glass158.jpg,512,384,1.333,RGB,11.7
glass,glass28.jpg,512,384,1.333,RGB,15.8
glass,glass180.jpg,512,384,1.333,RGB,8.8
glass,glass301.jpg,512,384,1.333,RGB,22.4
glass,glass85.jpg,512,384,1.333,RGB,16.4
glass,glass139.jpg,512,384,1.333,RGB,15.6
glass,glass43.jpg,512,384,1.333,RGB,16.0
glass,glass52.jpg,512,384,1.333,RGB,16.1
glass,glass99.jpg,512,384,1.333,RGB,19.5
glass,glass26.jpg,512,384,1.333,RGB,14.9
glass,glass11.jpg,512,384,1.333,RGB,11.2
glass,glass105.jpg,512,384,1.333,RGB,10.7
glass,glass79.jpg,512,384,1.333,RGB,10.6
glass,glass321.jpg,512,384,1.333,RGB,12.2
glass,glass118.jpg,512,384,1.333,RGB,15.1
glass,glass279.jpg,512,384,1.333,RGB,10.6
glass,glass407.jpg,512,384,1.333,RGB,11.9
glass,glass340.jpg,512,384,1.333,RGB,19.0
glass,glass298.jpg,512,384,1.333,RGB,9.9
glass,glass422.jpg,512,384,1.333,RGB,8.8
glass,glass173.jpg,512,384,1.333,RGB,8.8
glass,glass94.jpg,512,384,1.333,RGB,8.3
glass,glass396.jpg,512,384,1.333,RGB,13.4
glass,glass481.jpg,512,384,1.333,RGB,19.5
glass,glass6.jpg,512,384,1.333,RGB,8.7
glass,glass375.jpg,512,384,1.333,RGB,19.6
glass,glass172.jpg,512,384,1.333,RGB,10.4
glass,glass217.jpg,512,384,1.333,RGB,11.9
glass,glass305.jpg,512,384,1.333,RGB,14.0
glass,glass304.jpg,512,384,1.333,RGB,8.7
glass,glass463.jpg,512,384,1.333,RGB,17.3
glass,glass198.jpg,512,384,1.333,RGB,12.4
glass,glass440.jpg,512,384,1.333,RGB,13.6
glass,glass331.jpg,512,384,1.333,RGB,13.7
glass,glass452.jpg,512,384,1.333,RGB,12.5
glass,glass308.jpg,512,384,1.333,RGB,21.6
glass,glass114.jpg,512,384,1.333,RGB,11.7
glass,glass357.jpg,512,384,1.333,RGB,14.6
glass,glass436.jpg,512,384,1.333,RGB,13.4
glass,glass161.jpg,512,384,1.333,RGB,10.0
glass,glass327.jpg,512,384,1.333,RGB,11.1
glass,glass405.jpg,512,384,1.333,RGB,14.1
glass,glass49.jpg,512,384,1.333,RGB,13.2
glass,glass418.jpg,512,384,1.333,RGB,10.9
glass,glass59.jpg,512,384,1.333,RGB,12.4
glass,glass241.jpg,512,384,1.333,RGB,9.2
glass,glass69.jpg,512,384,1.333,RGB,8.5
glass,glass155.jpg,512,384,1.333,RGB,11.6
glass,glass50.jpg,512,384,1.333,RGB,17.4
glass,glass202.jpg,512,384,1.333,RGB,16.5
glass,glass104.jpg,512,384,1.333,RGB,13.6
glass,glass32.jpg,512,384,1.333,RGB,8.8
glass,glass267.jpg,512,384,1.333,RGB,14.2
glass,glass200.jpg,512,384,1.333,RGB,19.5
glass,glass224.jpg,512,384,1.333,RGB,7.0
glass,glass218.jpg,512,384,1.333,RGB,13.8
glass,glass243.jpg,512,384,1.333,RGB,10.5
glass,glass22.jpg,512,384,1.333,RGB,11.2
glass,glass223.jpg,512,384,1.333,RGB,6.6
metal,metal406.jpg,512,384,1.333,RGB,36.5
metal,metal95.jpg,512,384,1.333,RGB,12.1
metal,metal255.jpg,512,384,1.333,RGB,17.1
metal,metal350.jpg,512,384,1.333,RGB,18.6
metal,metal113.jpg,512,384,1.333,RGB,17.4
metal,metal356.jpg,512,384,1.333,RGB,23.0
metal,metal174.jpg,512,384,1.333,RGB,17.4
metal,metal312.jpg,512,384,1.333,RGB,29.2
metal,metal368.jpg,512,384,1.333,RGB,11.5
metal,metal248.jpg,512,384,1.333,RGB,13.7
metal,metal219.jpg,512,384,1.333,RGB,18.6
metal,metal336.jpg,512,384,1.333,RGB,13.1
metal,metal118.jpg,512,384,1.333,RGB,33.5
metal,metal385.jpg,512,384,1.333,RGB,14.4
metal,metal339.jpg,512,384,1.333,RGB,15.7
metal,metal187.jpg,512,384,1.333,RGB,12.7
metal,metal139.jpg,512,384,1.333,RGB,20.0
metal,metal58.jpg,512,384,1.333,RGB,10.3
metal,metal392.jpg,512,384,1.333,RGB,22.9
metal,metal342.jpg,512,384,1.333,RGB,31.1
metal,metal383.jpg,512,384,1.333,RGB,34.0
metal,metal324.jpg,512,384,1.333,RGB,17.3
metal,metal152.jpg,512,384,1.333,RGB,7.0
metal,metal369.jpg,512,384,1.333,RGB,9.2
metal,metal241.jpg,512,384,1.333,RGB,17.1
metal,metal4.jpg,512,384,1.333,RGB,7.4
metal,metal135.jpg,512,384,1.333,RGB,13.7
metal,metal319.jpg,512,384,1.333,RGB,49.2
metal,metal197.jpg,512,384,1.333,RGB,15.7
metal,metal365.jpg,512,384,1.333,RGB,13.3
metal,metal145.jpg,512,384,1.333,RGB,13.4
metal,metal328.jpg,512,384,1.333,RGB,16.1
metal,metal216.jpg,512,384,1.333,RGB,13.5
metal,metal278.jpg,512,384,1.333,RGB,13.4
metal,metal280.jpg,512,384,1.333,RGB,14.9
metal,metal175.jpg,512,384,1.333,RGB,16.8
metal,metal37.jpg,512,384,1.333,RGB,10.6
metal,metal361.jpg,512,384,1.333,RGB,24.5
metal,metal144.jpg,512,384,1.333,RGB,19.0
metal,metal302.jpg,512,384,1.333,RGB,13.1
metal,metal68.jpg,512,384,1.333,RGB,18.3
metal,metal134.jpg,512,384,1.333,RGB,14.1
metal,metal121.jpg,512,384,1.333,RGB,13.3
metal,metal141.jpg,512,384,1.333,RGB,29.8
metal,metal287.jpg,512,384,1.333,RGB,11.4
metal,metal102.jpg,512,384,1.333,RGB,14.4
metal,metal108.jpg,512,384,1.333,RGB,18.3
metal,metal227.jpg,512,384,1.333,RGB,14.0
metal,metal140.jpg,512,384,1.333,RGB,18.7
metal,metal229.jpg,512,384,1.333,RGB,22.5
metal,metal117.jpg,512,384,1.333,RGB,19.7
metal,metal364.jpg,512,384,1.333,RGB,22.3
metal,metal201.jpg,512,384,1.333,RGB,15.3
metal,metal17.jpg,512,384,1.333,RGB,12.0
metal,metal252.jpg,512,384,1.333,RGB,23.3
metal,metal291.jpg,512,384,1.333,RGB,11.4
metal,metal34.jpg,512,384,1.333,RGB,15.6
metal,metal279.jpg,512,384,1.333,RGB,10.4
metal,metal159.jpg,512,384,1.333,RGB,8.2
metal,metal61.jpg,512,384,1.333,RGB,40.8
metal,metal338.jpg,512,384,1.333,RGB,9.2
metal,metal243.jpg,512,384,1.333,RGB,12.2
metal,metal10.jpg,512,384,1.333,RGB,13.2
metal,metal357.jpg,512,384,1.333,RGB,22.8
metal,metal355.jpg,512,384,1.333,RGB,10.5
metal,metal396.jpg,512,384,1.333,RGB,20.3
metal,metal45.jpg,512,384,1.333,RGB,12.2
metal,metal177.jpg,512,384,1.333,RGB,16.9
metal,metal404.jpg,512,384,1.333,RGB,21.0
metal,metal148.jpg,512,384,1.333,RGB,6.9
metal,metal32.jpg,512,384,1.333,RGB,13.7
metal,metal85.jpg,512,384,1.333,RGB,10.6
metal,metal206.jpg,512,384,1.333,RGB,10.0
metal,metal5.jpg,512,384,1.333,RGB,21.8
metal,metal136.jpg,512,384,1.333,RGB,11.4
metal,metal8.jpg,512,384,1.333,RGB,8.1
metal,metal225.jpg,512,384,1.333,RGB,16.3
metal,metal35.jpg,512,384,1.333,RGB,22.1
metal,metal179.jpg,512,384,1.333,RGB,8.6
metal,metal18.jpg,512,384,1.333,RGB,10.7
metal,metal401.jpg,512,384,1.333,RGB,13.0
metal,metal333.jpg,512,384,1.333,RGB,14.1
metal,metal157.jpg,512,384,1.333,RGB,12.1
metal,metal261.jpg,512,384,1.333,RGB,25.2
metal,metal167.jpg,512,384,1.333,RGB,10.0
metal,metal183.jpg,512,384,1.333,RGB,8.1
metal,metal192.jpg,512,384,1.333,RGB,23.7
metal,metal185.jpg,512,384,1.333,RGB,14.4
metal,metal244.jpg,512,384,1.333,RGB,14.6
metal,metal285.jpg,512,384,1.333,RGB,13.4
metal,metal327.jpg,512,384,1.333,RGB,17.6
metal,metal329.jpg,512,384,1.333,RGB,23.9
metal,metal122.jpg,512,384,1.333,RGB,16.9
metal,metal112.jpg,512,384,1.333,RGB,16.8
metal,metal284.jpg,512,384,1.333,RGB,9.4
metal,metal240.jpg,512,384,1.333,RGB,12.9
metal,metal258.jpg,512,384,1.333,RGB,35.6
metal,metal105.jpg,512,384,1.333,RGB,14.7
metal,metal276.jpg,512,384,1.333,RGB,18.6
metal,metal79.jpg,512,384,1.333,RGB,12.2
metal,metal402.jpg,512,384,1.333,RGB,22.6
metal,metal12.jpg,512,384,1.333,RGB,9.3
metal,metal160.jpg,512,384,1.333,RGB,8.2
metal,metal39.jpg,512,384,1.333,RGB,14.6
metal,metal123.jpg,512,384,1.333,RGB,18.8
metal,metal217.jpg,512,384,1.333,RGB,15.3
metal,metal23.jpg,512,384,1.333,RGB,19.6
metal,metal94.jpg,512,384,1.333,RGB,41.5
metal,metal188.jpg,512,384,1.333,RGB,15.6
metal,metal344.jpg,512,384,1.333,RGB,17.0
metal,metal129.jpg,512,384,1.333,RGB,14.7
metal,metal377.jpg,512,384,1.333,RGB,20.3
metal,metal106.jpg,512,384,1.333,RGB,18.1
metal,metal283.jpg,512,384,1.333,RGB,18.0
metal,metal83.jpg,512,384,1.333,RGB,16.6
metal,metal224.jpg,512,384,1.333,RGB,23.8
metal,metal332.jpg,512,384,1.333,RGB,13.9
metal,metal101.jpg,512,384,1.333,RGB,15.8
metal,metal171.jpg,512,384,1.333,RGB,18.1
metal,metal275.jpg,512,384,1.333,RGB,14.8
metal,metal158.jpg,512,384,1.333,RGB,15.4
metal,metal295.jpg,512,384,1.333,RGB,16.2
metal,metal246.jpg,512,384,1.333,RGB,15.5
metal,metal400.jpg,512,384,1.333,RGB,17.9
metal,metal386.jpg,512,384,1.333,RGB,12.7
metal,metal163.jpg,512,384,1.333,RGB,20.1
metal,metal114.jpg,512,384,1.333,RGB,36.0
metal,metal212.jpg,512,384,1.333,RGB,9.5
metal,metal251.jpg,512,384,1.333,RGB,34.0
metal,metal166.jpg,512,384,1.333,RGB,7.0
metal,metal235.jpg,512,384,1.333,RGB,12.5
metal,metal288.jpg,512,384,1.333,RGB,20.7
metal,metal273.jpg,512,384,1.333,RGB,23.4
metal,metal309.jpg,512,384,1.333,RGB,21.9
metal,metal75.jpg,512,384,1.333,RGB,27.2
metal,metal256.jpg,512,384,1.333,RGB,12.4
metal,metal380.jpg,512,384,1.333,RGB,27.9
metal,metal376.jpg,512,384,1.333,RGB,19.6
metal,metal203.jpg,512,384,1.333,RGB,10.1
metal,metal62.jpg,512,384,1.333,RGB,17.0
metal,metal397.jpg,512,384,1.333,RGB,13.2
metal,metal53.jpg,512,384,1.333,RGB,14.7
metal,metal199.jpg,512,384,1.333,RGB,11.7
metal,metal150.jpg,512,384,1.333,RGB,13.6
metal,metal208.jpg,512,384,1.333,RGB,8.8
metal,metal407.jpg,512,384,1.333,RGB,19.0
metal,metal13.jpg,512,384,1.333,RGB,18.4
metal,metal292.jpg,512,384,1.333,RGB,19.9
metal,metal63.jpg,512,384,1.333,RGB,13.8
metal,metal25.jpg,512,384,1.333,RGB,21.0
metal,metal119.jpg,512,384,1.333,RGB,14.2
metal,metal326.jpg,512,384,1.333,RGB,13.8
metal,metal52.jpg,512,384,1.333,RGB,40.2
metal,metal301.jpg,512,384,1.333,RGB,20.0
metal,metal360.jpg,512,384,1.333,RGB,9.2
metal,metal28.jpg,512,384,1.333,RGB,17.0
metal,metal249.jpg,512,384,1.333,RGB,25.3
metal,metal372.jpg,512,384,1.333,RGB,9.6
metal,metal133.jpg,512,384,1.333,RGB,16.6
metal,metal318.jpg,512,384,1.333,RGB,11.8
metal,metal56.jpg,512,384,1.333,RGB,12.1
metal,metal281.jpg,512,384,1.333,RGB,13.7
metal,metal110.jpg,512,384,1.333,RGB,18.9
metal,metal363.jpg,512,384,1.333,RGB,16.0
metal,metal308.jpg,512,384,1.333,RGB,16.2
metal,metal409.jpg,512,384,1.333,RGB,15.0
metal,metal1.jpg,512,384,1.333,RGB,16.8
metal,metal38.jpg,512,384,1.333,RGB,13.2
metal,metal231.jpg,512,384,1.333,RGB,14.8
metal,metal124.jpg,512,384,1.333,RGB,10.7
metal,metal391.jpg,512,384,1.333,RGB,19.1
metal,metal111.jpg,512,384,1.333,RGB,30.2
metal,metal3.jpg,512,384,1.333,RGB,9.0
metal,metal14.jpg,512,384,1.333,RGB,25.3
metal,metal67.jpg,512,384,1.333,RGB,14.0
metal,metal234.jpg,512,384,1.333,RGB,14.2
metal,metal165.jpg,512,384,1.333,RGB,8.2
metal,metal267.jpg,512,384,1.333,RGB,15.1
metal,metal222.jpg,512,384,1.333,RGB,16.5
metal,metal49.jpg,512,384,1.333,RGB,16.3
metal,metal155.jpg,512,384,1.333,RGB,6.1
metal,metal353.jpg,512,384,1.333,RGB,12.9
metal,metal60.jpg,512,384,1.333,RGB,13.3
metal,metal334.jpg,512,384,1.333,RGB,10.5
metal,metal180.jpg,512,384,1.333,RGB,30.4
metal,metal78.jpg,512,384,1.333,RGB,12.8
metal,metal164.jpg,512,384,1.333,RGB,19.1
metal,metal128.jpg,512,384,1.333,RGB,16.6
metal,metal226.jpg,512,384,1.333,RGB,21.8
metal,metal315.jpg,512,384,1.333,RGB,17.9
metal,metal325.jpg,512,384,1.333,RGB,20.4
metal,metal16.jpg,512,384,1.333,RGB,32.9
metal,metal172.jpg,512,384,1.333,RGB,26.4
metal,metal42.jpg,512,384,1.333,RGB,28.8
metal,metal375.jpg,512,384,1.333,RGB,10.6
metal,metal294.jpg,512,384,1.333,RGB,13.3
metal,metal168.jpg,512,384,1.333,RGB,18.2
metal,metal313.jpg,512,384,1.333,RGB,15.9
metal,metal19.jpg,512,384,1.333,RGB,13.2
metal,metal81.jpg,512,384,1.333,RGB,12.4
metal,metal354.jpg,512,384,1.333,RGB,15.4
metal,metal153.jpg,512,384,1.333,RGB,18.4
metal,metal265.jpg,512,384,1.333,RGB,19.3
metal,metal317.jpg,512,384,1.333,RGB,13.7
metal,metal393.jpg,512,384,1.333,RGB,13.0
metal,metal200.jpg,512,384,1.333,RGB,15.6
metal,metal345.jpg,512,384,1.333,RGB,17.8
metal,metal303.jpg,512,384,1.333,RGB,14.6
metal,metal399.jpg,512,384,1.333,RGB,14.9
metal,metal69.jpg,512,384,1.333,RGB,11.2
metal,metal90.jpg,512,384,1.333,RGB,14.1
metal,metal210.jpg,512,384,1.333,RGB,12.9
metal,metal70.jpg,512,384,1.333,RGB,18.1
metal,metal233.jpg,512,384,1.333,RGB,16.7
metal,metal388.jpg,512,384,1.333,RGB,34.8
metal,metal72.jpg,512,384,1.333,RGB,26.7
metal,metal236.jpg,512,384,1.333,RGB,27.6
metal,metal205.jpg,512,384,1.333,RGB,11.3
metal,metal186.jpg,512,384,1.333,RGB,22.5
metal,metal207.jpg,512,384,1.333,RGB,10.9
metal,metal92.jpg,512,384,1.333,RGB,12.1
metal,metal296.jpg,512,384,1.333,RGB,24.8
metal,metal387.jpg,512,384,1.333,RGB,16.3
metal,metal371.jpg,512,384,1.333,RGB,13.8
metal,metal204.jpg,512,384,1.333,RGB,10.5
metal,metal169.jpg,512,384,1.333,RGB,16.8
metal,metal306.jpg,512,384,1.333,RGB,15.4
metal,metal7.jpg,512,384,1.333,RGB,10.2
metal,metal9.jpg,512,384,1.333,RGB,8.7
metal,metal408.jpg,512,384,1.333,RGB,18.1
metal,metal143.jpg,512,384,1.333,RGB,22.7
metal,metal146.jpg,512,384,1.333,RGB,12.6
metal,metal202.jpg,512,384,1.333,RGB,13.8
metal,metal151.jpg,512,384,1.333,RGB,17.6
metal,metal331.jpg,512,384,1.333,RGB,9.8
metal,metal250.jpg,512,384,1.333,RGB,12.5
metal,metal238.jpg,512,384,1.333,RGB,17.7
metal,metal330.jpg,512,384,1.333,RGB,24.2
metal,metal289.jpg,512,384,1.333,RGB,25.5
metal,metal220.jpg,512,384,1.333,RGB,24.7
metal,metal213.jpg,512,384,1.333,RGB,9.4
metal,metal274.jpg,512,384,1.333,RGB,20.2
metal,metal104.jpg,512,384,1.333,RGB,14.8
metal,metal358.jpg,512,384,1.333,RGB,18.5
metal,metal257.jpg,512,384,1.333,RGB,31.6
metal,metal299.jpg,512,384,1.333,RGB,21.2
metal,metal43.jpg,512,384,1.333,RGB,19.4
metal,metal120.jpg,512,384,1.333,RGB,30.3
metal,metal161.jpg,512,384,1.333,RGB,20.9
metal,metal15.jpg,512,384,1.333,RGB,18.7
metal,metal116.jpg,512,384,1.333,RGB,9.4
metal,metal282.jpg,512,384,1.333,RGB,18.7
metal,metal130.jpg,512,384,1.333,RGB,15.4
metal,metal367.jpg,512,384,1.333,RGB,18.6
metal,metal162.jpg,512,384,1.333,RGB,18.7
metal,metal193.jpg,512,384,1.333,RGB,22.5
metal,metal131.jpg,512,384,1.333,RGB,9.9
metal,metal277.jpg,512,384,1.333,RGB,20.1
metal,metal137.jpg,512,384,1.333,RGB,21.4
metal,metal82.jpg,512,384,1.333,RGB,15.1
metal,metal93.jpg,512,384,1.333,RGB,20.3
metal,metal30.jpg,512,384,1.333,RGB,15.7
metal,metal24.jpg,512,384,1.333,RGB,18.4
metal,metal176.jpg,512,384,1.333,RGB,22.7
metal,metal410.jpg,512,384,1.333,RGB,11.5
metal,metal156.jpg,512,384,1.333,RGB,7.6
metal,metal370.jpg,512,384,1.333,RGB,15.5
metal,metal382.jpg,512,384,1.333,RGB,15.6
metal,metal147.jpg,512,384,1.333,RGB,12.4
metal,metal346.jpg,512,384,1.333,RGB,24.6
metal,metal64.jpg,512,384,1.333,RGB,16.8
metal,metal80.jpg,512,384,1.333,RGB,17.5
metal,metal41.jpg,512,384,1.333,RGB,13.3
metal,metal359.jpg,512,384,1.333,RGB,15.8
metal,metal403.jpg,512,384,1.333,RGB,15.7
metal,metal11.jpg,512,384,1.333,RGB,20.9
metal,metal99.jpg,512,384,1.333,RGB,13.4
metal,metal181.jpg,512,384,1.333,RGB,13.8
metal,metal127.jpg,512,384,1.333,RGB,13.7
metal,metal100.jpg,512,384,1.333,RGB,20.0
metal,metal323.jpg,512,384,1.333,RGB,16.8
metal,metal247.jpg,512,384,1.333,RGB,15.6
metal,metal223.jpg,512,384,1.333,RGB,19.0
metal,metal59.jpg,512,384,1.333,RGB,11.2
metal,metal27.jpg,512,384,1.333,RGB,21.2
metal,metal253.jpg,512,384,1.333,RGB,23.0
metal,metal297.jpg,512,384,1.333,RGB,11.4
metal,metal194.jpg,512,384,1.333,RGB,17.6
metal,metal198.jpg,512,384,1.333,RGB,15.5
metal,metal115.jpg,512,384,1.333,RGB,19.4
metal,metal33.jpg,512,384,1.333,RGB,18.1
metal,metal138.jpg,512,384,1.333,RGB,22.9
metal,metal178.jpg,512,384,1.333,RGB,7.0
metal,metal21.jpg,512,384,1.333,RGB,15.1
metal,metal263.jpg,512,384,1.333,RGB,18.7
metal,metal349.jpg,512,384,1.333,RGB,17.9
metal,metal254.jpg,512,384,1.333,RGB,26.4
metal,metal307.jpg,512,384,1.333,RGB,14.3
metal,metal290.jpg,512,384,1.333,RGB,18.0
metal,metal211.jpg,512,384,1.333,RGB,11.0
metal,metal20.jpg,512,384,1.333,RGB,21.6
metal,metal66.jpg,512,384,1.333,RGB,14.5
metal,metal191.jpg,512,384,1.333,RGB,16.7
metal,metal215.jpg,512,384,1.333,RGB,11.0
metal,metal48.jpg,512,384,1.333,RGB,8.0
metal,metal73.jpg,512,384,1.333,RGB,14.2
metal,metal389.jpg,512,384,1.333,RGB,14.3
metal,metal126.jpg,512,384,1.333,RGB,17.9
metal,metal340.jpg,512,384,1.333,RGB,15.2
metal,metal310.jpg,512,384,1.333,RGB,25.1
metal,metal65.jpg,512,384,1.333,RGB,22.8
metal,metal149.jpg,512,384,1.333,RGB,7.9
metal,metal98.jpg,512,384,1.333,RGB,19.5
metal,metal398.jpg,512,384,1.333,RGB,17.0
metal,metal44.jpg,512,384,1.333,RGB,27.7
metal,metal51.jpg,512,384,1.333,RGB,11.6
metal,metal341.jpg,512,384,1.333,RGB,13.7
metal,metal260.jpg,512,384,1.333,RGB,14.5
metal,metal54.jpg,512,384,1.333,RGB,20.9
metal,metal322.jpg,512,384,1.333,RGB,15.3
metal,metal298.jpg,512,384,1.333,RGB,21.2
metal,metal269.jpg,512,384,1.333,RGB,16.0
metal,metal262.jpg,512,384,1.333,RGB,24.9
metal,metal394.jpg,512,384,1.333,RGB,22.3
metal,metal182.jpg,512,384,1.333,RGB,9.4
metal,metal366.jpg,512,384,1.333,RGB,14.9
metal,metal218.jpg,512,384,1.333,RGB,13.3
metal,metal316.jpg,512,384,1.333,RGB,9.3
metal,metal47.jpg,512,384,1.333,RGB,12.9
metal,metal76.jpg,512,384,1.333,RGB,21.7
metal,metal228.jpg,512,384,1.333,RGB,11.2
metal,metal132.jpg,512,384,1.333,RGB,22.0
metal,metal348.jpg,512,384,1.333,RGB,17.4
metal,metal230.jpg,512,384,1.333,RGB,18.9
metal,metal55.jpg,512,384,1.333,RGB,27.0
metal,metal103.jpg,512,384,1.333,RGB,13.5
metal,metal88.jpg,512,384,1.333,RGB,21.4
metal,metal351.jpg,512,384,1.333,RGB,16.0
metal,metal337.jpg,512,384,1.333,RGB,13.0
metal,metal305.jpg,512,384,1.333,RGB,16.6
metal,metal245.jpg,512,384,1.333,RGB,14.2
metal,metal77.jpg,512,384,1.333,RGB,36.5
metal,metal96.jpg,512,384,1.333,RGB,10.6
metal,metal221.jpg,512,384,1.333,RGB,19.4
metal,metal379.jpg,512,384,1.333,RGB,10.0
metal,metal271.jpg,512,384,1.333,RGB,18.7
metal,metal57.jpg,512,384,1.333,RGB,17.0
metal,metal87.jpg,512,384,1.333,RGB,20.0
metal,metal89.jpg,512,384,1.333,RGB,26.1
metal,metal40.jpg,512,384,1.333,RGB,21.7
metal,metal173.jpg,512,384,1.333,RGB,20.7
metal,metal321.jpg,512,384,1.333,RGB,15.9
metal,metal237.jpg,512,384,1.333,RGB,14.4
metal,metal374.jpg,512,384,1.333,RGB,30.9
metal,metal97.jpg,512,384,1.333,RGB,20.8
metal,metal154.jpg,512,384,1.333,RGB,8.5
metal,metal395.jpg,512,384,1.333,RGB,14.2
metal,metal189.jpg,512,384,1.333,RGB,19.7
metal,metal378.jpg,512,384,1.333,RGB,11.2
metal,metal6.jpg,512,384,1.333,RGB,6.2
metal,metal300.jpg,512,384,1.333,RGB,20.7
metal,metal195.jpg,512,384,1.333,RGB,12.3
metal,metal50.jpg,512,384,1.333,RGB,28.0
metal,metal46.jpg,512,384,1.333,RGB,39.9
metal,metal272.jpg,512,384,1.333,RGB,8.5
metal,metal286.jpg,512,384,1.333,RGB,22.9
metal,metal311.jpg,512,384,1.333,RGB,11.7
metal,metal214.jpg,512,384,1.333,RGB,7.2
metal,metal36.jpg,512,384,1.333,RGB,18.7
metal,metal109.jpg,512,384,1.333,RGB,11.3
metal,metal362.jpg,512,384,1.333,RGB,14.0
metal,metal31.jpg,512,384,1.333,RGB,22.1
metal,metal184.jpg,512,384,1.333,RGB,17.0
metal,metal239.jpg,512,384,1.333,RGB,16.5
metal,metal196.jpg,512,384,1.333,RGB,40.5
metal,metal405.jpg,512,384,1.333,RGB,12.5
metal,metal343.jpg,512,384,1.333,RGB,13.5
metal,metal74.jpg,512,384,1.333,RGB,26.2
metal,metal107.jpg,512,384,1.333,RGB,12.3
metal,metal270.jpg,512,384,1.333,RGB,25.1
metal,metal266.jpg,512,384,1.333,RGB,26.0
metal,metal264.jpg,512,384,1.333,RGB,19.0
metal,metal242.jpg,512,384,1.333,RGB,13.0
metal,metal381.jpg,512,384,1.333,RGB,17.9
metal,metal347.jpg,512,384,1.333,RGB,12.4
metal,metal190.jpg,512,384,1.333,RGB,19.0
metal,metal390.jpg,512,384,1.333,RGB,30.1
metal,metal209.jpg,512,384,1.333,RGB,10.3
metal,metal86.jpg,512,384,1.333,RGB,13.6
metal,metal320.jpg,512,384,1.333,RGB,18.8
metal,metal142.jpg,512,384,1.333,RGB,26.4
metal,metal293.jpg,512,384,1.333,RGB,18.8
metal,metal29.jpg,512,384,1.333,RGB,16.8
metal,metal22.jpg,512,384,1.333,RGB,16.9
metal,metal373.jpg,512,384,1.333,RGB,10.7
metal,metal384.jpg,512,384,1.333,RGB,21.4
metal,metal2.jpg,512,384,1.333,RGB,12.1
metal,metal170.jpg,512,384,1.333,RGB,15.8
metal,metal259.jpg,512,384,1.333,RGB,22.5
metal,metal84.jpg,512,384,1.333,RGB,22.4
metal,metal268.jpg,512,384,1.333,RGB,11.4
metal,metal352.jpg,512,384,1.333,RGB,31.2
metal,metal314.jpg,512,384,1.333,RGB,16.9
metal,metal335.jpg,512,384,1.333,RGB,19.2
metal,metal125.jpg,512,384,1.333,RGB,13.4
metal,metal232.jpg,512,384,1.333,RGB,37.8
metal,metal91.jpg,512,384,1.333,RGB,8.5
metal,metal71.jpg,512,384,1.333,RGB,24.7
metal,metal26.jpg,512,384,1.333,RGB,17.0
metal,metal304.jpg,512,384,1.333,RGB,9.8
paper,paper467.jpg,512,384,1.333,RGB,14.6
paper,paper143.jpg,512,384,1.333,RGB,11.4
paper,paper505.jpg,512,384,1.333,RGB,8.8
paper,paper278.jpg,512,384,1.333,RGB,14.0
paper,paper71.jpg,512,384,1.333,RGB,8.7
paper,paper29.jpg,512,384,1.333,RGB,15.7
paper,paper294.jpg,512,384,1.333,RGB,6.3
paper,paper454.jpg,512,384,1.333,RGB,16.3
paper,paper41.jpg,512,384,1.333,RGB,56.5
paper,paper68.jpg,512,384,1.333,RGB,31.4
paper,paper551.jpg,512,384,1.333,RGB,12.1
paper,paper390.jpg,512,384,1.333,RGB,17.9
paper,paper280.jpg,512,384,1.333,RGB,12.9
paper,paper225.jpg,512,384,1.333,RGB,15.9
paper,paper300.jpg,512,384,1.333,RGB,17.7
paper,paper188.jpg,512,384,1.333,RGB,37.6
paper,paper524.jpg,512,384,1.333,RGB,17.3
paper,paper462.jpg,512,384,1.333,RGB,28.5
paper,paper578.jpg,512,384,1.333,RGB,32.5
paper,paper30.jpg,512,384,1.333,RGB,8.8
paper,paper435.jpg,512,384,1.333,RGB,27.9
paper,paper364.jpg,512,384,1.333,RGB,38.9
paper,paper43.jpg,512,384,1.333,RGB,19.4
paper,paper235.jpg,512,384,1.333,RGB,15.9
paper,paper519.jpg,512,384,1.333,RGB,12.9
paper,paper322.jpg,512,384,1.333,RGB,12.5
paper,paper535.jpg,512,384,1.333,RGB,14.5
paper,paper262.jpg,512,384,1.333,RGB,27.9
paper,paper411.jpg,512,384,1.333,RGB,22.2
paper,paper588.jpg,512,384,1.333,RGB,9.6
paper,paper369.jpg,512,384,1.333,RGB,34.9
paper,paper120.jpg,512,384,1.333,RGB,9.9
paper,paper145.jpg,512,384,1.333,RGB,15.0
paper,paper397.jpg,512,384,1.333,RGB,14.2
paper,paper450.jpg,512,384,1.333,RGB,24.5
paper,paper444.jpg,512,384,1.333,RGB,12.3
paper,paper469.jpg,512,384,1.333,RGB,13.2
paper,paper461.jpg,512,384,1.333,RGB,16.6
paper,paper370.jpg,512,384,1.333,RGB,10.6
paper,paper319.jpg,512,384,1.333,RGB,40.7
paper,paper414.jpg,512,384,1.333,RGB,11.5
paper,paper251.jpg,512,384,1.333,RGB,15.2
paper,paper232.jpg,512,384,1.333,RGB,13.2
paper,paper22.jpg,512,384,1.333,RGB,13.2
paper,paper201.jpg,512,384,1.333,RGB,9.8
paper,paper356.jpg,512,384,1.333,RGB,30.6
paper,paper398.jpg,512,384,1.333,RGB,14.1
paper,paper315.jpg,512,384,1.333,RGB,10.9
paper,paper445.jpg,512,384,1.333,RGB,23.9
paper,paper23.jpg,512,384,1.333,RGB,31.7
paper,paper178.jpg,512,384,1.333,RGB,18.3
paper,paper218.jpg,512,384,1.333,RGB,16.3
paper,paper220.jpg,512,384,1.333,RGB,16.9
paper,paper208.jpg,512,384,1.333,RGB,28.8
paper,paper532.jpg,512,384,1.333,RGB,15.2
paper,paper552.jpg,512,384,1.333,RGB,8.4
paper,paper447.jpg,512,384,1.333,RGB,18.8
paper,paper313.jpg,512,384,1.333,RGB,23.4
paper,paper389.jpg,512,384,1.333,RGB,10.2
paper,paper183.jpg,512,384,1.333,RGB,26.4
paper,paper477.jpg,512,384,1.333,RGB,9.1
paper,paper487.jpg,512,384,1.333,RGB,32.6
paper,paper568.jpg,512,384,1.333,RGB,21.9
paper,paper185.jpg,512,384,1.333,RGB,19.0
paper,paper352.jpg,512,384,1.333,RGB,14.1
paper,paper67.jpg,512,384,1.333,RGB,8.7
paper,paper570.jpg,512,384,1.333,RGB,17.9
paper,paper366.jpg,512,384,1.333,RGB,10.1
paper,paper219.jpg,512,384,1.333,RGB,12.0
paper,paper247.jpg,512,384,1.333,RGB,42.9
paper,paper496.jpg,512,384,1.333,RGB,45.0
paper,paper189.jpg,512,384,1.333,RGB,38.3
paper,paper483.jpg,512,384,1.333,RGB,11.0
paper,paper59.jpg,512,384,1.333,RGB,13.9
paper,paper592.jpg,512,384,1.333,RGB,24.2
paper,paper433.jpg,512,384,1.333,RGB,15.5
paper,paper336.jpg,512,384,1.333,RGB,19.4
paper,paper264.jpg,512,384,1.333,RGB,11.2
paper,paper574.jpg,512,384,1.333,RGB,11.0
paper,paper227.jpg,512,384,1.333,RGB,41.6
paper,paper295.jpg,512,384,1.333,RGB,13.1
paper,paper297.jpg,512,384,1.333,RGB,39.2
paper,paper83.jpg,512,384,1.333,RGB,39.1
paper,paper213.jpg,512,384,1.333,RGB,10.3
paper,paper8.jpg,512,384,1.333,RGB,18.1
paper,paper76.jpg,512,384,1.333,RGB,34.3
paper,paper555.jpg,512,384,1.333,RGB,16.6
paper,paper449.jpg,512,384,1.333,RGB,15.2
paper,paper57.jpg,512,384,1.333,RGB,14.5
paper,paper74.jpg,512,384,1.333,RGB,33.8
paper,paper14.jpg,512,384,1.333,RGB,33.9
paper,paper325.jpg,512,384,1.333,RGB,16.4
paper,paper338.jpg,512,384,1.333,RGB,32.6
paper,paper151.jpg,512,384,1.333,RGB,14.8
paper,paper66.jpg,512,384,1.333,RGB,14.7
paper,paper582.jpg,512,384,1.333,RGB,9.3
paper,paper407.jpg,512,384,1.333,RGB,12.3
paper,paper365.jpg,512,384,1.333,RGB,34.5
paper,paper560.jpg,512,384,1.333,RGB,7.9
paper,paper442.jpg,512,384,1.333,RGB,10.0
paper,paper282.jpg,512,384,1.333,RGB,10.8
paper,paper187.jpg,512,384,1.333,RGB,12.3
paper,paper457.jpg,512,384,1.333,RGB,33.9
paper,paper439.jpg,512,384,1.333,RGB,42.8
paper,paper92.jpg,512,384,1.333,RGB,33.6
paper,paper160.jpg,512,384,1.333,RGB,13.3
paper,paper342.jpg,512,384,1.333,RGB,31.7
paper,paper190.jpg,512,384,1.333,RGB,25.8
paper,paper256.jpg,512,384,1.333,RGB,8.8
paper,paper141.jpg,512,384,1.333,RGB,17.4
paper,paper212.jpg,512,384,1.333,RGB,11.7
paper,paper6.jpg,512,384,1.333,RGB,23.0
paper,paper306.jpg,512,384,1.333,RGB,9.3
paper,paper177.jpg,512,384,1.333,RGB,12.6
paper,paper508.jpg,512,384,1.333,RGB,12.7
paper,paper176.jpg,512,384,1.333,RGB,19.1
paper,paper191.jpg,512,384,1.333,RGB,13.4
paper,paper281.jpg,512,384,1.333,RGB,10.1
paper,paper340.jpg,512,384,1.333,RGB,24.3
paper,paper245.jpg,512,384,1.333,RGB,33.1
paper,paper476.jpg,512,384,1.333,RGB,23.2
paper,paper490.jpg,512,384,1.333,RGB,42.0
paper,paper48.jpg,512,384,1.333,RGB,26.5
paper,paper583.jpg,512,384,1.333,RGB,12.3
paper,paper488.jpg,512,384,1.333,RGB,55.2
paper,paper181.jpg,512,384,1.333,RGB,16.1
paper,paper494.jpg,512,384,1.333,RGB,14.8
paper,paper363.jpg,512,384,1.333,RGB,11.7
paper,paper334.jpg,512,384,1.333,RGB,8.8
paper,paper172.jpg,512,384,1.333,RGB,11.6
paper,paper481.jpg,512,384,1.333,RGB,30.6
paper,paper19.jpg,512,384,1.333,RGB,14.1
paper,paper115.jpg,512,384,1.333,RGB,17.2
paper,paper114.jpg,512,384,1.333,RGB,47.5
paper,paper368.jpg,512,384,1.333,RGB,8.5
paper,paper216.jpg,512,384,1.333,RGB,13.4
paper,paper269.jpg,512,384,1.333,RGB,39.4
paper,paper565.jpg,512,384,1.333,RGB,34.4
paper,paper272.jpg,512,384,1.333,RGB,9.2
paper,paper395.jpg,512,384,1.333,RGB,13.0
paper,paper473.jpg,512,384,1.333,RGB,32.1
paper,paper131.jpg,512,384,1.333,RGB,18.4
paper,paper182.jpg,512,384,1.333,RGB,48.1
paper,paper580.jpg,512,384,1.333,RGB,11.3
paper,paper290.jpg,512,384,1.333,RGB,40.2
paper,paper99.jpg,512,384,1.333,RGB,28.9
paper,paper161.jpg,512,384,1.333,RGB,28.5
paper,paper575.jpg,512,384,1.333,RGB,36.8
paper,paper2.jpg,512,384,1.333,RGB,26.7
paper,paper536.jpg,512,384,1.333,RGB,13.5
paper,paper446.jpg,512,384,1.333,RGB,14.2
paper,paper18.jpg,512,384,1.333,RGB,24.7
paper,paper203.jpg,512,384,1.333,RGB,9.3
paper,paper292.jpg,512,384,1.333,RGB,15.5
paper,paper236.jpg,512,384,1.333,RGB,34.8
paper,paper214.jpg,512,384,1.333,RGB,47.7
paper,paper170.jpg,512,384,1.333,RGB,11.7
paper,paper518.jpg,512,384,1.333,RGB,23.7
paper,paper350.jpg,512,384,1.333,RGB,7.7
paper,paper258.jpg,512,384,1.333,RGB,12.8
paper,paper432.jpg,512,384,1.333,RGB,22.0
paper,paper164.jpg,512,384,1.333,RGB,11.9
paper,paper491.jpg,512,384,1.333,RGB,22.3
paper,paper501.jpg,512,384,1.333,RGB,24.6
paper,paper215.jpg,512,384,1.333,RGB,32.0
paper,paper381.jpg,512,384,1.333,RGB,29.5
paper,paper205.jpg,512,384,1.333,RGB,23.0
paper,paper61.jpg,512,384,1.333,RGB,25.6
paper,paper316.jpg,512,384,1.333,RGB,21.2
paper,paper482.jpg,512,384,1.333,RGB,23.9
paper,paper288.jpg,512,384,1.333,RGB,12.3
paper,paper373.jpg,512,384,1.333,RGB,11.5
paper,paper1.jpg,512,384,1.333,RGB,17.1
paper,paper305.jpg,512,384,1.333,RGB,32.0
paper,paper109.jpg,512,384,1.333,RGB,44.0
paper,paper65.jpg,512,384,1.333,RGB,24.2
paper,paper382.jpg,512,384,1.333,RGB,12.8
paper,paper253.jpg,512,384,1.333,RGB,16.2
paper,paper134.jpg,512,384,1.333,RGB,12.5
paper,paper169.jpg,512,384,1.333,RGB,12.9
paper,paper211.jpg,512,384,1.333,RGB,16.9
paper,paper47.jpg,512,384,1.333,RGB,45.0
paper,paper50.jpg,512,384,1.333,RGB,19.8
paper,paper202.jpg,512,384,1.333,RGB,12.8
paper,paper126.jpg,512,384,1.333,RGB,13.2
paper,paper119.jpg,512,384,1.333,RGB,9.1
paper,paper503.jpg,512,384,1.333,RGB,10.6
paper,paper268.jpg,512,384,1.333,RGB,21.6
paper,paper539.jpg,512,384,1.333,RGB,8.4
paper,paper78.jpg,512,384,1.333,RGB,13.4
paper,paper228.jpg,512,384,1.333,RGB,8.0
paper,paper512.jpg,512,384,1.333,RGB,33.4
paper,paper267.jpg,512,384,1.333,RGB,32.1
paper,paper514.jpg,512,384,1.333,RGB,31.1
paper,paper230.jpg,512,384,1.333,RGB,14.5
paper,paper358.jpg,512,384,1.333,RGB,36.9
paper,paper31.jpg,512,384,1.333,RGB,25.5
paper,paper516.jpg,512,384,1.333,RGB,13.2
paper,paper584.jpg,512,384,1.333,RGB,13.4
paper,paper463.jpg,512,384,1.333,RGB,21.2
paper,paper431.jpg,512,384,1.333,RGB,13.6
paper,paper296.jpg,512,384,1.333,RGB,12.2
paper,paper11.jpg,512,384,1.333,RGB,9.9
paper,paper152.jpg,512,384,1.333,RGB,30.3
paper,paper495.jpg,512,384,1.333,RGB,12.1
paper,paper37.jpg,512,384,1.333,RGB,28.4
paper,paper489.jpg,512,384,1.333,RGB,16.1
paper,paper84.jpg,512,384,1.333,RGB,28.5
paper,paper135.jpg,512,384,1.333,RGB,40.5
paper,paper309.jpg,512,384,1.333,RGB,10.6
paper,paper470.jpg,512,384,1.333,RGB,34.6
paper,paper541.jpg,512,384,1.333,RGB,37.0
paper,paper437.jpg,512,384,1.333,RGB,11.5
paper,paper122.jpg,512,384,1.333,RGB,15.3
paper,paper534.jpg,512,384,1.333,RGB,24.8
paper,paper167.jpg,512,384,1.333,RGB,17.8
paper,paper286.jpg,512,384,1.333,RGB,34.8
paper,paper85.jpg,512,384,1.333,RGB,15.2
paper,paper136.jpg,512,384,1.333,RGB,30.9
paper,paper40.jpg,512,384,1.333,RGB,32.0
paper,paper224.jpg,512,384,1.333,RGB,29.1
paper,paper307.jpg,512,384,1.333,RGB,35.3
paper,paper69.jpg,512,384,1.333,RGB,32.0
paper,paper564.jpg,512,384,1.333,RGB,8.3
paper,paper206.jpg,512,384,1.333,RGB,33.0
paper,paper408.jpg,512,384,1.333,RGB,32.1
paper,paper443.jpg,512,384,1.333,RGB,32.0
paper,paper375.jpg,512,384,1.333,RGB,20.0
paper,paper72.jpg,512,384,1.333,RGB,27.4
paper,paper492.jpg,512,384,1.333,RGB,42.7
paper,paper45.jpg,512,384,1.333,RGB,13.1
paper,paper100.jpg,512,384,1.333,RGB,45.5
paper,paper159.jpg,512,384,1.333,RGB,14.4
paper,paper347.jpg,512,384,1.333,RGB,9.4
paper,paper326.jpg,512,384,1.333,RGB,43.1
paper,paper283.jpg,512,384,1.333,RGB,20.6
paper,paper15.jpg,512,384,1.333,RGB,29.1
paper,paper540.jpg,512,384,1.333,RGB,26.4
paper,paper317.jpg,512,384,1.333,RGB,9.9
paper,paper250.jpg,512,384,1.333,RGB,23.9
paper,paper579.jpg,512,384,1.333,RGB,24.2
paper,paper388.jpg,512,384,1.333,RGB,29.1
paper,paper42.jpg,512,384,1.333,RGB,44.2
paper,paper547.jpg,512,384,1.333,RGB,25.2
paper,paper249.jpg,512,384,1.333,RGB,14.5
paper,paper418.jpg,512,384,1.333,RGB,37.0
paper,paper175.jpg,512,384,1.333,RGB,14.4
paper,paper402.jpg,512,384,1.333,RGB,25.8
paper,paper82.jpg,512,384,1.333,RGB,53.1
paper,paper105.jpg,512,384,1.333,RGB,38.4
paper,paper459.jpg,512,384,1.333,RGB,15.8
paper,paper456.jpg,512,384,1.333,RGB,11.4
paper,paper374.jpg,512,384,1.333,RGB,9.6
paper,paper129.jpg,512,384,1.333,RGB,30.7
paper,paper393.jpg,512,384,1.333,RGB,17.4
paper,paper128.jpg,512,384,1.333,RGB,13.8
paper,paper293.jpg,512,384,1.333,RGB,17.4
paper,paper523.jpg,512,384,1.333,RGB,12.7
paper,paper274.jpg,512,384,1.333,RGB,10.8
paper,paper144.jpg,512,384,1.333,RGB,16.6
paper,paper91.jpg,512,384,1.333,RGB,11.1
paper,paper569.jpg,512,384,1.333,RGB,24.6
paper,paper197.jpg,512,384,1.333,RGB,22.6
paper,paper378.jpg,512,384,1.333,RGB,11.5
paper,paper138.jpg,512,384,1.333,RGB,15.1
paper,paper474.jpg,512,384,1.333,RGB,24.5
paper,paper223.jpg,512,384,1.333,RGB,25.7
paper,paper422.jpg,512,384,1.333,RGB,29.1
paper,paper471.jpg,512,384,1.333,RGB,24.7
paper,paper513.jpg,512,384,1.333,RGB,35.5
paper,paper587.jpg,512,384,1.333,RGB,12.3
paper,paper130.jpg,512,384,1.333,RGB,13.8
paper,paper553.jpg,512,384,1.333,RGB,41.0
paper,paper259.jpg,512,384,1.333,RGB,18.6
paper,paper289.jpg,512,384,1.333,RGB,29.8
paper,paper434.jpg,512,384,1.333,RGB,19.2
paper,paper394.jpg,512,384,1.333,RGB,16.1
paper,paper510.jpg,512,384,1.333,RGB,42.2
paper,paper533.jpg,512,384,1.333,RGB,24.4
paper,paper157.jpg,512,384,1.333,RGB,13.8
paper,paper303.jpg,512,384,1.333,RGB,15.8
paper,paper252.jpg,512,384,1.333,RGB,13.8
paper,paper279.jpg,512,384,1.333,RGB,10.8
paper,paper351.jpg,512,384,1.333,RGB,43.3
paper,paper324.jpg,512,384,1.333,RGB,10.0
paper,paper441.jpg,512,384,1.333,RGB,30.7
paper,paper77.jpg,512,384,1.333,RGB,19.4
paper,paper210.jpg,512,384,1.333,RGB,22.5
paper,paper346.jpg,512,384,1.333,RGB,16.8
paper,paper376.jpg,512,384,1.333,RGB,22.8
paper,paper299.jpg,512,384,1.333,RGB,11.9
paper,paper101.jpg,512,384,1.333,RGB,38.6
paper,paper263.jpg,512,384,1.333,RGB,16.0
paper,paper377.jpg,512,384,1.333,RGB,8.6
paper,paper537.jpg,512,384,1.333,RGB,35.0
paper,paper525.jpg,512,384,1.333,RGB,10.8
paper,paper90.jpg,512,384,1.333,RGB,34.6
paper,paper238.jpg,512,384,1.333,RGB,13.4
paper,paper38.jpg,512,384,1.333,RGB,16.4
paper,paper266.jpg,512,384,1.333,RGB,38.7
paper,paper348.jpg,512,384,1.333,RGB,12.6
paper,paper146.jpg,512,384,1.333,RGB,11.1
paper,paper331.jpg,512,384,1.333,RGB,18.4
paper,paper162.jpg,512,384,1.333,RGB,23.4
paper,paper222.jpg,512,384,1.333,RGB,10.5
paper,paper478.jpg,512,384,1.333,RGB,26.0
paper,paper60.jpg,512,384,1.333,RGB,11.8
paper,paper209.jpg,512,384,1.333,RGB,41.3
paper,paper246.jpg,512,384,1.333,RGB,21.7
paper,paper567.jpg,512,384,1.333,RGB,11.2
paper,paper73.jpg,512,384,1.333,RGB,38.9
paper,paper104.jpg,512,384,1.333,RGB,27.9
paper,paper337.jpg,512,384,1.333,RGB,12.7
paper,paper10.jpg,512,384,1.333,RGB,19.6
paper,paper25.jpg,512,384,1.333,RGB,20.4
paper,paper198.jpg,512,384,1.333,RGB,34.4
paper,paper550.jpg,512,384,1.333,RGB,9.1
paper,paper97.jpg,512,384,1.333,RGB,21.1
paper,paper79.jpg,512,384,1.333,RGB,25.4
paper,paper301.jpg,512,384,1.333,RGB,15.4
paper,paper416.jpg,512,384,1.333,RGB,11.0
paper,paper562.jpg,512,384,1.333,RGB,17.1
paper,paper87.jpg,512,384,1.333,RGB,9.8
paper,paper573.jpg,512,384,1.333,RGB,13.1
paper,paper200.jpg,512,384,1.333,RGB,9.9
paper,paper499.jpg,512,384,1.333,RGB,10.2
paper,paper594.jpg,512,384,1.333,RGB,9.0
paper,paper123.jpg,512,384,1.333,RGB,26.4
paper,paper479.jpg,512,384,1.333,RGB,10.4
paper,paper557.jpg,512,384,1.333,RGB,9.3
paper,paper261.jpg,512,384,1.333,RGB,14.0
paper,paper226.jpg,512,384,1.333,RGB,8.4
paper,paper475.jpg,512,384,1.333,RGB,10.9
paper,paper277.jpg,512,384,1.333,RGB,9.0
paper,paper506.jpg,512,384,1.333,RGB,20.6
paper,paper409.jpg,512,384,1.333,RGB,13.9
paper,paper362.jpg,512,384,1.333,RGB,33.4
paper,paper142.jpg,512,384,1.333,RGB,10.9
paper,paper593.jpg,512,384,1.333,RGB,10.2
paper,paper285.jpg,512,384,1.333,RGB,32.7
paper,paper184.jpg,512,384,1.333,RGB,30.2
paper,paper318.jpg,512,384,1.333,RGB,17.4
paper,paper298.jpg,512,384,1.333,RGB,17.1
paper,paper149.jpg,512,384,1.333,RGB,13.3
paper,paper343.jpg,512,384,1.333,RGB,24.0
paper,paper344.jpg,512,384,1.333,RGB,17.6
paper,paper448.jpg,512,384,1.333,RGB,21.8
paper,paper195.jpg,512,384,1.333,RGB,20.9
paper,paper221.jpg,512,384,1.333,RGB,18.4
paper,paper260.jpg,512,384,1.333,RGB,27.7
paper,paper193.jpg,512,384,1.333,RGB,23.8
paper,paper168.jpg,512,384,1.333,RGB,10.8
paper,paper112.jpg,512,384,1.333,RGB,30.7
paper,paper107.jpg,512,384,1.333,RGB,12.2
paper,paper554.jpg,512,384,1.333,RGB,17.2
paper,paper355.jpg,512,384,1.333,RGB,11.7
paper,paper21.jpg,512,384,1.333,RGB,15.1
paper,paper46.jpg,512,384,1.333,RGB,27.0
paper,paper538.jpg,512,384,1.333,RGB,11.7
paper,paper438.jpg,512,384,1.333,RGB,14.3
paper,paper504.jpg,512,384,1.333,RGB,31.0
paper,paper70.jpg,512,384,1.333,RGB,14.6
paper,paper196.jpg,512,384,1.333,RGB,38.9
paper,paper233.jpg,512,384,1.333,RGB,25.7
paper,paper265.jpg,512,384,1.333,RGB,34.1
paper,paper94.jpg,512,384,1.333,RGB,12.6
paper,paper158.jpg,512,384,1.333,RGB,6.8
paper,paper354.jpg,512,384,1.333,RGB,10.6
paper,paper137.jpg,512,384,1.333,RGB,16.8
paper,paper372.jpg,512,384,1.333,RGB,34.2
paper,paper521.jpg,512,384,1.333,RGB,9.2
paper,paper429.jpg,512,384,1.333,RGB,25.5
paper,paper257.jpg,512,384,1.333,RGB,13.8
paper,paper335.jpg,512,384,1.333,RGB,40.4
paper,paper98.jpg,512,384,1.333,RGB,10.9
paper,paper132.jpg,512,384,1.333,RGB,8.3
paper,paper455.jpg,512,384,1.333,RGB,22.2
paper,paper415.jpg,512,384,1.333,RGB,34.1
paper,paper328.jpg,512,384,1.333,RGB,19.4
paper,paper558.jpg,512,384,1.333,RGB,40.2
paper,paper3.jpg,512,384,1.333,RGB,19.5
paper,paper527.jpg,512,384,1.333,RGB,26.2
paper,paper192.jpg,512,384,1.333,RGB,42.9
paper,paper464.jpg,512,384,1.333,RGB,41.9
paper,paper367.jpg,512,384,1.333,RGB,19.0
paper,paper242.jpg,512,384,1.333,RGB,11.8
paper,paper270.jpg,512,384,1.333,RGB,16.7
paper,paper542.jpg,512,384,1.333,RGB,37.9
paper,paper371.jpg,512,384,1.333,RGB,29.4
paper,paper273.jpg,512,384,1.333,RGB,20.9
paper,paper440.jpg,512,384,1.333,RGB,20.8
paper,paper113.jpg,512,384,1.333,RGB,14.2
paper,paper314.jpg,512,384,1.333,RGB,19.7
paper,paper549.jpg,512,384,1.333,RGB,18.8
paper,paper24.jpg,512,384,1.333,RGB,32.8
paper,paper507.jpg,512,384,1.333,RGB,15.9
paper,paper204.jpg,512,384,1.333,RGB,21.0
paper,paper423.jpg,512,384,1.333,RGB,28.6
paper,paper148.jpg,512,384,1.333,RGB,28.2
paper,paper386.jpg,512,384,1.333,RGB,12.3
paper,paper95.jpg,512,384,1.333,RGB,9.2
paper,paper359.jpg,512,384,1.333,RGB,12.4
paper,paper304.jpg,512,384,1.333,RGB,12.0
paper,paper556.jpg,512,384,1.333,RGB,15.7
paper,paper379.jpg,512,384,1.333,RGB,54.1
paper,paper517.jpg,512,384,1.333,RGB,11.2
paper,paper529.jpg,512,384,1.333,RGB,14.1
paper,paper403.jpg,512,384,1.333,RGB,18.4
paper,paper330.jpg,512,384,1.333,RGB,30.0
paper,paper420.jpg,512,384,1.333,RGB,32.0
paper,paper39.jpg,512,384,1.333,RGB,12.0
paper,paper111.jpg,512,384,1.333,RGB,21.7
paper,paper360.jpg,512,384,1.333,RGB,42.4
paper,paper28.jpg,512,384,1.333,RGB,35.7
paper,paper428.jpg,512,384,1.333,RGB,9.7
paper,paper486.jpg,512,384,1.333,RGB,9.0
paper,paper515.jpg,512,384,1.333,RGB,12.3
paper,paper468.jpg,512,384,1.333,RGB,9.1
paper,paper424.jpg,512,384,1.333,RGB,23.6
paper,paper572.jpg,512,384,1.333,RGB,26.6
paper,paper237.jpg,512,384,1.333,RGB,15.7
paper,paper64.jpg,512,384,1.333,RGB,16.8
paper,paper383.jpg,512,384,1.333,RGB,12.2
paper,paper497.jpg,512,384,1.333,RGB,8.8
paper,paper171.jpg,512,384,1.333,RGB,8.5
paper,paper543.jpg,512,384,1.333,RGB,16.5
paper,paper349.jpg,512,384,1.333,RGB,22.8
paper,paper451.jpg,512,384,1.333,RGB,33.0
paper,paper186.jpg,512,384,1.333,RGB,17.7
paper,paper421.jpg,512,384,1.333,RGB,17.9
paper,paper591.jpg,512,384,1.333,RGB,14.4
paper,paper585.jpg,512,384,1.333,RGB,25.5
paper,paper17.jpg,512,384,1.333,RGB,27.8
paper,paper500.jpg,512,384,1.333,RGB,24.9
paper,paper156.jpg,512,384,1.333,RGB,13.4
paper,paper531.jpg,512,384,1.333,RGB,31.6
paper,paper27.jpg,512,384,1.333,RGB,11.8
paper,paper165.jpg,512,384,1.333,RGB,28.2
paper,paper412.jpg,512,384,1.333,RGB,16.6
paper,paper53.jpg,512,384,1.333,RGB,21.6
paper,paper163.jpg,512,384,1.333,RGB,42.2
paper,paper51.jpg,512,384,1.333,RGB,17.6
paper,paper276.jpg,512,384,1.333,RGB,11.7
paper,paper472.jpg,512,384,1.333,RGB,49.3
paper,paper16.jpg,512,384,1.333,RGB,20.3
paper,paper404.jpg,512,384,1.333,RGB,13.7
paper,paper544.jpg,512,384,1.333,RGB,35.7
paper,paper7.jpg,512,384,1.333,RGB,17.8
paper,paper127.jpg,512,384,1.333,RGB,14.6
paper,paper108.jpg,512,384,1.333,RGB,41.5
paper,paper55.jpg,512,384,1.333,RGB,22.1
paper,paper392.jpg,512,384,1.333,RGB,34.9
paper,paper229.jpg,512,384,1.333,RGB,22.4
paper,paper93.jpg,512,384,1.333,RGB,22.3
paper,paper341.jpg,512,384,1.333,RGB,9.7
paper,paper413.jpg,512,384,1.333,RGB,27.2
paper,paper576.jpg,512,384,1.333,RGB,10.7
paper,paper391.jpg,512,384,1.333,RGB,18.4
paper,paper546.jpg,512,384,1.333,RGB,19.8
paper,paper86.jpg,512,384,1.333,RGB,35.8
paper,paper480.jpg,512,384,1.333,RGB,26.7
paper,paper401.jpg,512,384,1.333,RGB,24.1
paper,paper548.jpg,512,384,1.333,RGB,10.2
paper,paper284.jpg,512,384,1.333,RGB,14.5
paper,paper498.jpg,512,384,1.333,RGB,8.8
paper,paper417.jpg,512,384,1.333,RGB,11.0
paper,paper528.jpg,512,384,1.333,RGB,12.6
paper,paper526.jpg,512,384,1.333,RGB,28.7
paper,paper241.jpg,512,384,1.333,RGB,11.6
paper,paper174.jpg,512,384,1.333,RGB,44.3
paper,paper254.jpg,512,384,1.333,RGB,41.5
paper,paper180.jpg,512,384,1.333,RGB,14.3
paper,paper133.jpg,512,384,1.333,RGB,19.7
paper,paper248.jpg,512,384,1.333,RGB,32.9
paper,paper75.jpg,512,384,1.333,RGB,8.7
paper,paper400.jpg,512,384,1.333,RGB,26.4
paper,paper139.jpg,512,384,1.333,RGB,23.6
paper,paper426.jpg,512,384,1.333,RGB,14.5
paper,paper271.jpg,512,384,1.333,RGB,18.4
paper,paper452.jpg,512,384,1.333,RGB,23.3
paper,paper207.jpg,512,384,1.333,RGB,27.6
paper,paper396.jpg,512,384,1.333,RGB,15.5
paper,paper561.jpg,512,384,1.333,RGB,25.1
paper,paper35.jpg,512,384,1.333,RGB,35.9
paper,paper34.jpg,512,384,1.333,RGB,42.8
paper,paper81.jpg,512,384,1.333,RGB,31.7
paper,paper102.jpg,512,384,1.333,RGB,17.9
paper,paper239.jpg,512,384,1.333,RGB,11.8
paper,paper217.jpg,512,384,1.333,RGB,38.4
paper,paper327.jpg,512,384,1.333,RGB,20.4
paper,paper563.jpg,512,384,1.333,RGB,32.8
paper,paper387.jpg,512,384,1.333,RGB,9.6
paper,paper243.jpg,512,384,1.333,RGB,9.3
paper,paper153.jpg,512,384,1.333,RGB,29.4
paper,paper511.jpg,512,384,1.333,RGB,12.9
paper,paper116.jpg,512,384,1.333,RGB,11.1
paper,paper58.jpg,512,384,1.333,RGB,11.5
paper,paper150.jpg,512,384,1.333,RGB,11.3
paper,paper361.jpg,512,384,1.333,RGB,11.0
paper,paper49.jpg,512,384,1.333,RGB,33.8
paper,paper179.jpg,512,384,1.333,RGB,12.7
paper,paper590.jpg,512,384,1.333,RGB,13.4
paper,paper320.jpg,512,384,1.333,RGB,17.1
paper,paper559.jpg,512,384,1.333,RGB,15.2
paper,paper385.jpg,512,384,1.333,RGB,6.8
paper,paper399.jpg,512,384,1.333,RGB,25.9
paper,paper52.jpg,512,384,1.333,RGB,10.6
paper,paper460.jpg,512,384,1.333,RGB,26.3
paper,paper106.jpg,512,384,1.333,RGB,25.9
paper,paper275.jpg,512,384,1.333,RGB,17.5
paper,paper430.jpg,512,384,1.333,RGB,17.7
paper,paper155.jpg,512,384,1.333,RGB,27.6
paper,paper4.jpg,512,384,1.333,RGB,33.0
paper,paper509.jpg,512,384,1.333,RGB,19.0
paper,paper566.jpg,512,384,1.333,RGB,36.6
paper,paper312.jpg,512,384,1.333,RGB,32.8
paper,paper54.jpg,512,384,1.333,RGB,8.4
paper,paper147.jpg,512,384,1.333,RGB,31.0
paper,paper405.jpg,512,384,1.333,RGB,24.9
paper,paper310.jpg,512,384,1.333,RGB,9.7
paper,paper466.jpg,512,384,1.333,RGB,14.1
paper,paper323.jpg,512,384,1.333,RGB,17.9
paper,paper321.jpg,512,384,1.333,RGB,13.4
paper,paper427.jpg,512,384,1.333,RGB,19.2
paper,paper80.jpg,512,384,1.333,RGB,14.5
paper,paper357.jpg,512,384,1.333,RGB,12.6
paper,paper154.jpg,512,384,1.333,RGB,9.2
paper,paper9.jpg,512,384,1.333,RGB,20.3
paper,paper520.jpg,512,384,1.333,RGB,12.2
paper,paper62.jpg,512,384,1.333,RGB,12.5
paper,paper231.jpg,512,384,1.333,RGB,32.2
paper,paper571.jpg,512,384,1.333,RGB,10.7
paper,paper124.jpg,512,384,1.333,RGB,12.9
paper,paper12.jpg,512,384,1.333,RGB,21.8
paper,paper33.jpg,512,384,1.333,RGB,10.3
paper,paper530.jpg,512,384,1.333,RGB,14.1
paper,paper425.jpg,512,384,1.333,RGB,25.9
paper,paper56.jpg,512,384,1.333,RGB,24.4
paper,paper36.jpg,512,384,1.333,RGB,12.3
paper,paper44.jpg,512,384,1.333,RGB,21.0
paper,paper308.jpg,512,384,1.333,RGB,35.6
paper,paper345.jpg,512,384,1.333,RGB,30.4
paper,paper26.jpg,512,384,1.333,RGB,38.1
paper,paper118.jpg,512,384,1.333,RGB,14.7
paper,paper545.jpg,512,384,1.333,RGB,9.8
paper,paper166.jpg,512,384,1.333,RGB,23.4
paper,paper287.jpg,512,384,1.333,RGB,21.0
paper,paper117.jpg,512,384,1.333,RGB,9.9
paper,paper589.jpg,512,384,1.333,RGB,8.4
paper,paper20.jpg,512,384,1.333,RGB,39.2
paper,paper502.jpg,512,384,1.333,RGB,26.3
paper,paper419.jpg,512,384,1.333,RGB,11.7
paper,paper291.jpg,512,384,1.333,RGB,24.6
paper,paper353.jpg,512,384,1.333,RGB,39.0
paper,paper522.jpg,512,384,1.333,RGB,23.8
paper,paper244.jpg,512,384,1.333,RGB,21.8
paper,paper586.jpg,512,384,1.333,RGB,28.0
paper,paper5.jpg,512,384,1.333,RGB,27.3
paper,paper311.jpg,512,384,1.333,RGB,38.9
paper,paper458.jpg,512,384,1.333,RGB,29.9
paper,paper465.jpg,512,384,1.333,RGB,14.3
paper,paper406.jpg,512,384,1.333,RGB,11.8
paper,paper13.jpg,512,384,1.333,RGB,13.8
paper,paper63.jpg,512,384,1.333,RGB,11.4
paper,paper89.jpg,512,384,1.333,RGB,26.4
paper,paper194.jpg,512,384,1.333,RGB,32.3
paper,paper577.jpg,512,384,1.333,RGB,18.3
paper,paper255.jpg,512,384,1.333,RGB,8.0
paper,paper32.jpg,512,384,1.333,RGB,11.0
paper,paper103.jpg,512,384,1.333,RGB,41.3
paper,paper88.jpg,512,384,1.333,RGB,27.2
paper,paper240.jpg,512,384,1.333,RGB,12.1
paper,paper302.jpg,512,384,1.333,RGB,23.4
paper,paper380.jpg,512,384,1.333,RGB,42.4
paper,paper125.jpg,512,384,1.333,RGB,21.4
paper,paper332.jpg,512,384,1.333,RGB,15.4
paper,paper110.jpg,512,384,1.333,RGB,10.6
paper,paper140.jpg,512,384,1.333,RGB,31.5
paper,paper329.jpg,512,384,1.333,RGB,8.8
paper,paper339.jpg,512,384,1.333,RGB,15.5
paper,paper484.jpg,512,384,1.333,RGB,22.7
paper,paper173.jpg,512,384,1.333,RGB,12.4
paper,paper199.jpg,512,384,1.333,RGB,19.5
paper,paper333.jpg,512,384,1.333,RGB,11.1
paper,paper493.jpg,512,384,1.333,RGB,11.3
paper,paper234.jpg,512,384,1.333,RGB,19.7
paper,paper384.jpg,512,384,1.333,RGB,13.1
paper,paper453.jpg,512,384,1.333,RGB,13.6
paper,paper436.jpg,512,384,1.333,RGB,24.4
paper,paper121.jpg,512,384,1.333,RGB,44.4
paper,paper581.jpg,512,384,1.333,RGB,43.6
paper,paper96.jpg,512,384,1.333,RGB,10.7
paper,paper485.jpg,512,384,1.333,RGB,11.7
paper,paper410.jpg,512,384,1.333,RGB,15.7
plastic,plastic411.jpg,512,384,1.333,RGB,13.4
plastic,plastic309.jpg,512,384,1.333,RGB,12.4
plastic,plastic68.jpg,512,384,1.333,RGB,12.2
plastic,plastic359.jpg,512,384,1.333,RGB,12.1
plastic,plastic477.jpg,512,384,1.333,RGB,17.5
plastic,plastic43.jpg,512,384,1.333,RGB,7.0
plastic,plastic284.jpg,512,384,1.333,RGB,18.0
plastic,plastic457.jpg,512,384,1.333,RGB,21.2
plastic,plastic425.jpg,512,384,1.333,RGB,12.4
plastic,plastic112.jpg,512,384,1.333,RGB,20.5
plastic,plastic153.jpg,512,384,1.333,RGB,8.4
plastic,plastic27.jpg,512,384,1.333,RGB,14.0
plastic,plastic281.jpg,512,384,1.333,RGB,21.7
plastic,plastic247.jpg,512,384,1.333,RGB,20.1
plastic,plastic120.jpg,512,384,1.333,RGB,13.7
plastic,plastic172.jpg,512,384,1.333,RGB,10.0
plastic,plastic259.jpg,512,384,1.333,RGB,11.0
plastic,plastic432.jpg,512,384,1.333,RGB,14.6
plastic,plastic157.jpg,512,384,1.333,RGB,12.8
plastic,plastic29.jpg,512,384,1.333,RGB,15.4
plastic,plastic23.jpg,512,384,1.333,RGB,7.9
plastic,plastic134.jpg,512,384,1.333,RGB,16.4
plastic,plastic71.jpg,512,384,1.333,RGB,18.9
plastic,plastic301.jpg,512,384,1.333,RGB,15.5
plastic,plastic169.jpg,512,384,1.333,RGB,13.4
plastic,plastic350.jpg,512,384,1.333,RGB,13.6
plastic,plastic462.jpg,512,384,1.333,RGB,10.8
plastic,plastic466.jpg,512,384,1.333,RGB,12.8
plastic,plastic179.jpg,512,384,1.333,RGB,7.3
plastic,plastic96.jpg,512,384,1.333,RGB,16.3
plastic,plastic42.jpg,512,384,1.333,RGB,9.8
plastic,plastic238.jpg,512,384,1.333,RGB,30.0
plastic,plastic249.jpg,512,384,1.333,RGB,9.1
plastic,plastic214.jpg,512,384,1.333,RGB,18.1
plastic,plastic45.jpg,512,384,1.333,RGB,8.0
plastic,plastic244.jpg,512,384,1.333,RGB,20.6
plastic,plastic381.jpg,512,384,1.333,RGB,12.3
plastic,plastic128.jpg,512,384,1.333,RGB,13.2
plastic,plastic188.jpg,512,384,1.333,RGB,12.7
plastic,plastic165.jpg,512,384,1.333,RGB,16.1
plastic,plastic299.jpg,512,384,1.333,RGB,15.0
plastic,plastic26.jpg,512,384,1.333,RGB,7.2
plastic,plastic66.jpg,512,384,1.333,RGB,18.0
plastic,plastic46.jpg,512,384,1.333,RGB,20.1
plastic,plastic335.jpg,512,384,1.333,RGB,15.1
plastic,plastic103.jpg,512,384,1.333,RGB,21.9
plastic,plastic323.jpg,512,384,1.333,RGB,15.5
plastic,plastic409.jpg,512,384,1.333,RGB,13.6
plastic,plastic37.jpg,512,384,1.333,RGB,22.6
plastic,plastic11.jpg,512,384,1.333,RGB,7.6
plastic,plastic126.jpg,512,384,1.333,RGB,10.9
plastic,plastic93.jpg,512,384,1.333,RGB,13.6
plastic,plastic216.jpg,512,384,1.333,RGB,14.0
plastic,plastic452.jpg,512,384,1.333,RGB,8.5
plastic,plastic32.jpg,512,384,1.333,RGB,15.3
plastic,plastic461.jpg,512,384,1.333,RGB,15.5
plastic,plastic349.jpg,512,384,1.333,RGB,12.3
plastic,plastic280.jpg,512,384,1.333,RGB,16.9
plastic,plastic342.jpg,512,384,1.333,RGB,12.6
plastic,plastic92.jpg,512,384,1.333,RGB,18.6
plastic,plastic469.jpg,512,384,1.333,RGB,14.2
plastic,plastic5.jpg,512,384,1.333,RGB,8.4
plastic,plastic255.jpg,512,384,1.333,RGB,18.5
plastic,plastic65.jpg,512,384,1.333,RGB,10.7
plastic,plastic213.jpg,512,384,1.333,RGB,16.3
plastic,plastic136.jpg,512,384,1.333,RGB,9.1
plastic,plastic327.jpg,512,384,1.333,RGB,7.4
plastic,plastic397.jpg,512,384,1.333,RGB,14.6
plastic,plastic199.jpg,512,384,1.333,RGB,15.2
plastic,plastic422.jpg,512,384,1.333,RGB,17.5
plastic,plastic81.jpg,512,384,1.333,RGB,20.3
plastic,plastic254.jpg,512,384,1.333,RGB,12.8
plastic,plastic201.jpg,512,384,1.333,RGB,22.8
plastic,plastic317.jpg,512,384,1.333,RGB,9.5
plastic,plastic207.jpg,512,384,1.333,RGB,24.9
plastic,plastic246.jpg,512,384,1.333,RGB,26.0
plastic,plastic210.jpg,512,384,1.333,RGB,9.9
plastic,plastic294.jpg,512,384,1.333,RGB,7.7
plastic,plastic373.jpg,512,384,1.333,RGB,12.5
plastic,plastic278.jpg,512,384,1.333,RGB,10.6
plastic,plastic189.jpg,512,384,1.333,RGB,18.1
plastic,plastic62.jpg,512,384,1.333,RGB,14.3
plastic,plastic326.jpg,512,384,1.333,RGB,16.4
plastic,plastic372.jpg,512,384,1.333,RGB,12.7
plastic,plastic133.jpg,512,384,1.333,RGB,27.1
plastic,plastic227.jpg,512,384,1.333,RGB,15.6
plastic,plastic243.jpg,512,384,1.333,RGB,15.8
plastic,plastic308.jpg,512,384,1.333,RGB,14.8
plastic,plastic166.jpg,512,384,1.333,RGB,9.6
plastic,plastic303.jpg,512,384,1.333,RGB,8.1
plastic,plastic160.jpg,512,384,1.333,RGB,15.2
plastic,plastic83.jpg,512,384,1.333,RGB,17.8
plastic,plastic421.jpg,512,384,1.333,RGB,15.2
plastic,plastic53.jpg,512,384,1.333,RGB,21.5
plastic,plastic440.jpg,512,384,1.333,RGB,12.6
plastic,plastic395.jpg,512,384,1.333,RGB,13.9
plastic,plastic448.jpg,512,384,1.333,RGB,12.6
plastic,plastic184.jpg,512,384,1.333,RGB,12.8
plastic,plastic264.jpg,512,384,1.333,RGB,10.5
plastic,plastic64.jpg,512,384,1.333,RGB,12.9
plastic,plastic19.jpg,512,384,1.333,RGB,7.8
plastic,plastic443.jpg,512,384,1.333,RGB,21.6
plastic,plastic297.jpg,512,384,1.333,RGB,23.5
plastic,plastic75.jpg,512,384,1.333,RGB,11.7
plastic,plastic324.jpg,512,384,1.333,RGB,13.7
plastic,plastic361.jpg,512,384,1.333,RGB,10.8
plastic,plastic314.jpg,512,384,1.333,RGB,18.4
plastic,plastic403.jpg,512,384,1.333,RGB,15.9
plastic,plastic76.jpg,512,384,1.333,RGB,8.6
plastic,plastic21.jpg,512,384,1.333,RGB,16.8
plastic,plastic99.jpg,512,384,1.333,RGB,8.5
plastic,plastic268.jpg,512,384,1.333,RGB,17.0
plastic,plastic400.jpg,512,384,1.333,RGB,19.0
plastic,plastic4.jpg,512,384,1.333,RGB,12.9
plastic,plastic364.jpg,512,384,1.333,RGB,23.7
plastic,plastic231.jpg,512,384,1.333,RGB,25.6
plastic,plastic285.jpg,512,384,1.333,RGB,25.6
plastic,plastic250.jpg,512,384,1.333,RGB,8.0
plastic,plastic101.jpg,512,384,1.333,RGB,15.8
plastic,plastic118.jpg,512,384,1.333,RGB,7.6
plastic,plastic330.jpg,512,384,1.333,RGB,17.8
plastic,plastic132.jpg,512,384,1.333,RGB,16.8
plastic,plastic2.jpg,512,384,1.333,RGB,6.1
plastic,plastic52.jpg,512,384,1.333,RGB,7.7
plastic,plastic190.jpg,512,384,1.333,RGB,22.5
plastic,plastic347.jpg,512,384,1.333,RGB,20.7
plastic,plastic265.jpg,512,384,1.333,RGB,11.4
plastic,plastic398.jpg,512,384,1.333,RGB,9.6
plastic,plastic60.jpg,512,384,1.333,RGB,11.3
plastic,plastic143.jpg,512,384,1.333,RGB,12.4
plastic,plastic407.jpg,512,384,1.333,RGB,21.4
plastic,plastic321.jpg,512,384,1.333,RGB,17.3
plastic,plastic375.jpg,512,384,1.333,RGB,16.9
plastic,plastic114.jpg,512,384,1.333,RGB,10.9
plastic,plastic239.jpg,512,384,1.333,RGB,12.2
plastic,plastic141.jpg,512,384,1.333,RGB,10.0
plastic,plastic248.jpg,512,384,1.333,RGB,19.3
plastic,plastic242.jpg,512,384,1.333,RGB,15.4
plastic,plastic108.jpg,512,384,1.333,RGB,19.4
plastic,plastic405.jpg,512,384,1.333,RGB,23.4
plastic,plastic102.jpg,512,384,1.333,RGB,8.0
plastic,plastic444.jpg,512,384,1.333,RGB,16.0
plastic,plastic460.jpg,512,384,1.333,RGB,20.3
plastic,plastic12.jpg,512,384,1.333,RGB,6.3
plastic,plastic353.jpg,512,384,1.333,RGB,8.8
plastic,plastic155.jpg,512,384,1.333,RGB,12.1
plastic,plastic333.jpg,512,384,1.333,RGB,20.8
plastic,plastic91.jpg,512,384,1.333,RGB,14.2
plastic,plastic337.jpg,512,384,1.333,RGB,12.8
plastic,plastic34.jpg,512,384,1.333,RGB,9.1
plastic,plastic275.jpg,512,384,1.333,RGB,12.2
plastic,plastic107.jpg,512,384,1.333,RGB,11.1
plastic,plastic130.jpg,512,384,1.333,RGB,9.9
plastic,plastic7.jpg,512,384,1.333,RGB,9.4
plastic,plastic270.jpg,512,384,1.333,RGB,13.7
plastic,plastic215.jpg,512,384,1.333,RGB,15.1
plastic,plastic343.jpg,512,384,1.333,RGB,17.7
plastic,plastic437.jpg,512,384,1.333,RGB,21.9
plastic,plastic6.jpg,512,384,1.333,RGB,10.0
plastic,plastic80.jpg,512,384,1.333,RGB,16.9
plastic,plastic50.jpg,512,384,1.333,RGB,19.6
plastic,plastic94.jpg,512,384,1.333,RGB,10.1
plastic,plastic427.jpg,512,384,1.333,RGB,12.5
plastic,plastic377.jpg,512,384,1.333,RGB,14.6
plastic,plastic241.jpg,512,384,1.333,RGB,22.8
plastic,plastic290.jpg,512,384,1.333,RGB,10.9
plastic,plastic16.jpg,512,384,1.333,RGB,9.5
plastic,plastic100.jpg,512,384,1.333,RGB,11.8
plastic,plastic159.jpg,512,384,1.333,RGB,9.6
plastic,plastic28.jpg,512,384,1.333,RGB,7.8
plastic,plastic163.jpg,512,384,1.333,RGB,9.6
plastic,plastic51.jpg,512,384,1.333,RGB,12.7
plastic,plastic233.jpg,512,384,1.333,RGB,8.9
plastic,plastic420.jpg,512,384,1.333,RGB,12.0
plastic,plastic367.jpg,512,384,1.333,RGB,12.9
plastic,plastic336.jpg,512,384,1.333,RGB,8.0
plastic,plastic389.jpg,512,384,1.333,RGB,13.9
plastic,plastic187.jpg,512,384,1.333,RGB,11.3
plastic,plastic174.jpg,512,384,1.333,RGB,8.3
plastic,plastic56.jpg,512,384,1.333,RGB,17.8
plastic,plastic404.jpg,512,384,1.333,RGB,16.4
plastic,plastic288.jpg,512,384,1.333,RGB,14.0
plastic,plastic370.jpg,512,384,1.333,RGB,14.5
plastic,plastic383.jpg,512,384,1.333,RGB,11.9
plastic,plastic123.jpg,512,384,1.333,RGB,18.4
plastic,plastic262.jpg,512,384,1.333,RGB,13.3
plastic,plastic198.jpg,512,384,1.333,RGB,20.5
plastic,plastic87.jpg,512,384,1.333,RGB,11.8
plastic,plastic145.jpg,512,384,1.333,RGB,11.8
plastic,plastic312.jpg,512,384,1.333,RGB,23.3
plastic,plastic261.jpg,512,384,1.333,RGB,11.2
plastic,plastic304.jpg,512,384,1.333,RGB,12.4
plastic,plastic3.jpg,512,384,1.333,RGB,6.2
plastic,plastic302.jpg,512,384,1.333,RGB,18.5
plastic,plastic450.jpg,512,384,1.333,RGB,13.1
plastic,plastic67.jpg,512,384,1.333,RGB,15.9
plastic,plastic63.jpg,512,384,1.333,RGB,10.5
plastic,plastic14.jpg,512,384,1.333,RGB,14.4
plastic,plastic129.jpg,512,384,1.333,RGB,10.4
plastic,plastic205.jpg,512,384,1.333,RGB,18.9
plastic,plastic234.jpg,512,384,1.333,RGB,11.9
plastic,plastic402.jpg,512,384,1.333,RGB,15.4
plastic,plastic194.jpg,512,384,1.333,RGB,10.8
plastic,plastic180.jpg,512,384,1.333,RGB,7.2
plastic,plastic458.jpg,512,384,1.333,RGB,8.0
plastic,plastic292.jpg,512,384,1.333,RGB,12.5
plastic,plastic204.jpg,512,384,1.333,RGB,26.1
plastic,plastic151.jpg,512,384,1.333,RGB,13.3
plastic,plastic148.jpg,512,384,1.333,RGB,9.7
plastic,plastic178.jpg,512,384,1.333,RGB,7.0
plastic,plastic423.jpg,512,384,1.333,RGB,14.8
plastic,plastic228.jpg,512,384,1.333,RGB,16.1
plastic,plastic54.jpg,512,384,1.333,RGB,11.9
plastic,plastic282.jpg,512,384,1.333,RGB,17.6
plastic,plastic418.jpg,512,384,1.333,RGB,21.6
plastic,plastic105.jpg,512,384,1.333,RGB,14.1
plastic,plastic220.jpg,512,384,1.333,RGB,14.8
plastic,plastic414.jpg,512,384,1.333,RGB,13.9
plastic,plastic24.jpg,512,384,1.333,RGB,12.0
plastic,plastic366.jpg,512,384,1.333,RGB,15.3
plastic,plastic175.jpg,512,384,1.333,RGB,16.4
plastic,plastic203.jpg,512,384,1.333,RGB,16.4
plastic,plastic237.jpg,512,384,1.333,RGB,9.7
plastic,plastic104.jpg,512,384,1.333,RGB,12.3
plastic,plastic445.jpg,512,384,1.333,RGB,12.8
plastic,plastic36.jpg,512,384,1.333,RGB,17.5
plastic,plastic74.jpg,512,384,1.333,RGB,20.4
plastic,plastic351.jpg,512,384,1.333,RGB,14.8
plastic,plastic378.jpg,512,384,1.333,RGB,10.6
plastic,plastic291.jpg,512,384,1.333,RGB,16.2
plastic,plastic13.jpg,512,384,1.333,RGB,6.2
plastic,plastic135.jpg,512,384,1.333,RGB,8.9
plastic,plastic177.jpg,512,384,1.333,RGB,7.3
plastic,plastic429.jpg,512,384,1.333,RGB,18.2
plastic,plastic340.jpg,512,384,1.333,RGB,10.3
plastic,plastic435.jpg,512,384,1.333,RGB,12.9
plastic,plastic431.jpg,512,384,1.333,RGB,11.0
plastic,plastic446.jpg,512,384,1.333,RGB,14.7
plastic,plastic256.jpg,512,384,1.333,RGB,7.3
plastic,plastic200.jpg,512,384,1.333,RGB,12.0
plastic,plastic413.jpg,512,384,1.333,RGB,9.9
plastic,plastic218.jpg,512,384,1.333,RGB,17.5
plastic,plastic258.jpg,512,384,1.333,RGB,18.2
plastic,plastic158.jpg,512,384,1.333,RGB,9.5
plastic,plastic451.jpg,512,384,1.333,RGB,8.7
plastic,plastic365.jpg,512,384,1.333,RGB,16.4
plastic,plastic358.jpg,512,384,1.333,RGB,14.0
plastic,plastic386.jpg,512,384,1.333,RGB,9.3
plastic,plastic415.jpg,512,384,1.333,RGB,11.2
plastic,plastic121.jpg,512,384,1.333,RGB,12.2
plastic,plastic226.jpg,512,384,1.333,RGB,20.7
plastic,plastic430.jpg,512,384,1.333,RGB,13.2
plastic,plastic449.jpg,512,384,1.333,RGB,12.0
plastic,plastic122.jpg,512,384,1.333,RGB,10.1
plastic,plastic263.jpg,512,384,1.333,RGB,17.2
plastic,plastic8.jpg,512,384,1.333,RGB,9.7
plastic,plastic369.jpg,512,384,1.333,RGB,22.6
plastic,plastic144.jpg,512,384,1.333,RGB,8.9
plastic,plastic376.jpg,512,384,1.333,RGB,15.0
plastic,plastic310.jpg,512,384,1.333,RGB,19.6
plastic,plastic260.jpg,512,384,1.333,RGB,12.2
plastic,plastic338.jpg,512,384,1.333,RGB,7.7
plastic,plastic286.jpg,512,384,1.333,RGB,16.3
plastic,plastic355.jpg,512,384,1.333,RGB,7.0
plastic,plastic17.jpg,512,384,1.333,RGB,12.9
plastic,plastic97.jpg,512,384,1.333,RGB,9.8
plastic,plastic142.jpg,512,384,1.333,RGB,17.3
plastic,plastic113.jpg,512,384,1.333,RGB,16.5
plastic,plastic170.jpg,512,384,1.333,RGB,7.6
plastic,plastic131.jpg,512,384,1.333,RGB,8.2
plastic,plastic385.jpg,512,384,1.333,RGB,10.0
plastic,plastic471.jpg,512,384,1.333,RGB,15.3
plastic,plastic195.jpg,512,384,1.333,RGB,6.9
plastic,plastic154.jpg,512,384,1.333,RGB,6.5
plastic,plastic319.jpg,512,384,1.333,RGB,18.7
plastic,plastic269.jpg,512,384,1.333,RGB,17.0
plastic,plastic315.jpg,512,384,1.333,RGB,14.2
plastic,plastic193.jpg,512,384,1.333,RGB,14.5
plastic,plastic392.jpg,512,384,1.333,RGB,14.2
plastic,plastic475.jpg,512,384,1.333,RGB,9.4
plastic,plastic329.jpg,512,384,1.333,RGB,15.7
plastic,plastic456.jpg,512,384,1.333,RGB,29.5
plastic,plastic277.jpg,512,384,1.333,RGB,12.0
plastic,plastic146.jpg,512,384,1.333,RGB,9.3
plastic,plastic181.jpg,512,384,1.333,RGB,8.1
plastic,plastic119.jpg,512,384,1.333,RGB,19.7
plastic,plastic394.jpg,512,384,1.333,RGB,10.8
plastic,plastic176.jpg,512,384,1.333,RGB,6.9
plastic,plastic117.jpg,512,384,1.333,RGB,13.0
plastic,plastic70.jpg,512,384,1.333,RGB,14.6
plastic,plastic138.jpg,512,384,1.333,RGB,9.0
plastic,plastic306.jpg,512,384,1.333,RGB,7.8
plastic,plastic209.jpg,512,384,1.333,RGB,14.5
plastic,plastic222.jpg,512,384,1.333,RGB,10.4
plastic,plastic354.jpg,512,384,1.333,RGB,22.4
plastic,plastic149.jpg,512,384,1.333,RGB,8.7
plastic,plastic171.jpg,512,384,1.333,RGB,11.8
plastic,plastic272.jpg,512,384,1.333,RGB,7.7
plastic,plastic474.jpg,512,384,1.333,RGB,8.2
plastic,plastic22.jpg,512,384,1.333,RGB,12.8
plastic,plastic1.jpg,512,384,1.333,RGB,9.5
plastic,plastic476.jpg,512,384,1.333,RGB,7.7
plastic,plastic453.jpg,512,384,1.333,RGB,10.9
plastic,plastic428.jpg,512,384,1.333,RGB,15.6
plastic,plastic417.jpg,512,384,1.333,RGB,19.1
plastic,plastic111.jpg,512,384,1.333,RGB,9.6
plastic,plastic109.jpg,512,384,1.333,RGB,21.1
plastic,plastic298.jpg,512,384,1.333,RGB,13.2
plastic,plastic197.jpg,512,384,1.333,RGB,16.3
plastic,plastic41.jpg,512,384,1.333,RGB,9.9
plastic,plastic362.jpg,512,384,1.333,RGB,13.5
plastic,plastic257.jpg,512,384,1.333,RGB,18.6
plastic,plastic416.jpg,512,384,1.333,RGB,16.0
plastic,plastic371.jpg,512,384,1.333,RGB,15.7
plastic,plastic229.jpg,512,384,1.333,RGB,7.7
plastic,plastic438.jpg,512,384,1.333,RGB,8.6
plastic,plastic115.jpg,512,384,1.333,RGB,18.2
plastic,plastic192.jpg,512,384,1.333,RGB,24.1
plastic,plastic127.jpg,512,384,1.333,RGB,9.6
plastic,plastic235.jpg,512,384,1.333,RGB,18.1
plastic,plastic408.jpg,512,384,1.333,RGB,27.0
plastic,plastic479.jpg,512,384,1.333,RGB,7.6
plastic,plastic318.jpg,512,384,1.333,RGB,20.1
plastic,plastic77.jpg,512,384,1.333,RGB,12.8
plastic,plastic363.jpg,512,384,1.333,RGB,7.8
plastic,plastic55.jpg,512,384,1.333,RGB,17.0
plastic,plastic18.jpg,512,384,1.333,RGB,15.2
plastic,plastic162.jpg,512,384,1.333,RGB,15.9
plastic,plastic424.jpg,512,384,1.333,RGB,20.8
plastic,plastic293.jpg,512,384,1.333,RGB,14.9
plastic,plastic412.jpg,512,384,1.333,RGB,9.2
plastic,plastic387.jpg,512,384,1.333,RGB,25.4
plastic,plastic271.jpg,512,384,1.333,RGB,16.5
plastic,plastic356.jpg,512,384,1.333,RGB,15.1
plastic,plastic401.jpg,512,384,1.333,RGB,13.3
plastic,plastic59.jpg,512,384,1.333,RGB,7.6
plastic,plastic221.jpg,512,384,1.333,RGB,15.9
plastic,plastic208.jpg,512,384,1.333,RGB,15.6
plastic,plastic274.jpg,512,384,1.333,RGB,11.8
plastic,plastic252.jpg,512,384,1.333,RGB,15.0
plastic,plastic380.jpg,512,384,1.333,RGB,17.2
plastic,plastic232.jpg,512,384,1.333,RGB,17.3
plastic,plastic140.jpg,512,384,1.333,RGB,10.5
plastic,plastic346.jpg,512,384,1.333,RGB,16.4
plastic,plastic72.jpg,512,384,1.333,RGB,13.8
plastic,plastic332.jpg,512,384,1.333,RGB,15.1
plastic,plastic84.jpg,512,384,1.333,RGB,20.9
plastic,plastic69.jpg,512,384,1.333,RGB,19.1
plastic,plastic57.jpg,512,384,1.333,RGB,12.9
plastic,plastic212.jpg,512,384,1.333,RGB,13.4
plastic,plastic110.jpg,512,384,1.333,RGB,18.2
plastic,plastic124.jpg,512,384,1.333,RGB,13.3
plastic,plastic345.jpg,512,384,1.333,RGB,16.4
plastic,plastic35.jpg,512,384,1.333,RGB,9.6
plastic,plastic447.jpg,512,384,1.333,RGB,13.8
plastic,plastic10.jpg,512,384,1.333,RGB,7.5
plastic,plastic15.jpg,512,384,1.333,RGB,9.9
plastic,plastic316.jpg,512,384,1.333,RGB,14.6
plastic,plastic352.jpg,512,384,1.333,RGB,20.3
plastic,plastic305.jpg,512,384,1.333,RGB,15.4
plastic,plastic300.jpg,512,384,1.333,RGB,7.7
plastic,plastic125.jpg,512,384,1.333,RGB,16.7
plastic,plastic410.jpg,512,384,1.333,RGB,13.4
plastic,plastic439.jpg,512,384,1.333,RGB,10.4
plastic,plastic388.jpg,512,384,1.333,RGB,17.4
plastic,plastic150.jpg,512,384,1.333,RGB,5.8
plastic,plastic20.jpg,512,384,1.333,RGB,17.0
plastic,plastic331.jpg,512,384,1.333,RGB,9.8
plastic,plastic273.jpg,512,384,1.333,RGB,9.5
plastic,plastic186.jpg,512,384,1.333,RGB,31.2
plastic,plastic382.jpg,512,384,1.333,RGB,12.4
plastic,plastic79.jpg,512,384,1.333,RGB,24.6
plastic,plastic325.jpg,512,384,1.333,RGB,15.4
plastic,plastic90.jpg,512,384,1.333,RGB,16.1
plastic,plastic313.jpg,512,384,1.333,RGB,18.3
plastic,plastic276.jpg,512,384,1.333,RGB,10.3
plastic,plastic468.jpg,512,384,1.333,RGB,15.0
plastic,plastic283.jpg,512,384,1.333,RGB,18.3
plastic,plastic287.jpg,512,384,1.333,RGB,16.9
plastic,plastic334.jpg,512,384,1.333,RGB,17.2
plastic,plastic390.jpg,512,384,1.333,RGB,27.7
plastic,plastic217.jpg,512,384,1.333,RGB,9.8
plastic,plastic44.jpg,512,384,1.333,RGB,15.6
plastic,plastic245.jpg,512,384,1.333,RGB,14.6
plastic,plastic393.jpg,512,384,1.333,RGB,12.6
plastic,plastic480.jpg,512,384,1.333,RGB,8.1
plastic,plastic384.jpg,512,384,1.333,RGB,15.1
plastic,plastic279.jpg,512,384,1.333,RGB,16.3
plastic,plastic182.jpg,512,384,1.333,RGB,7.7
plastic,plastic147.jpg,512,384,1.333,RGB,6.1
plastic,plastic396.jpg,512,384,1.333,RGB,13.3
plastic,plastic39.jpg,512,384,1.333,RGB,19.1
plastic,plastic9.jpg,512,384,1.333,RGB,7.3
plastic,plastic322.jpg,512,384,1.333,RGB,15.8
plastic,plastic470.jpg,512,384,1.333,RGB,14.4
plastic,plastic164.jpg,512,384,1.333,RGB,10.1
plastic,plastic161.jpg,512,384,1.333,RGB,10.1
plastic,plastic360.jpg,512,384,1.333,RGB,15.0
plastic,plastic464.jpg,512,384,1.333,RGB,22.4
plastic,plastic467.jpg,512,384,1.333,RGB,13.5
plastic,plastic473.jpg,512,384,1.333,RGB,9.9
plastic,plastic225.jpg,512,384,1.333,RGB,16.8
plastic,plastic219.jpg,512,384,1.333,RGB,8.1
plastic,plastic185.jpg,512,384,1.333,RGB,10.7
plastic,plastic368.jpg,512,384,1.333,RGB,30.7
plastic,plastic89.jpg,512,384,1.333,RGB,18.5
plastic,plastic436.jpg,512,384,1.333,RGB,14.1
plastic,plastic240.jpg,512,384,1.333,RGB,14.4
plastic,plastic344.jpg,512,384,1.333,RGB,16.5
plastic,plastic48.jpg,512,384,1.333,RGB,13.7
plastic,plastic374.jpg,512,384,1.333,RGB,14.3
plastic,plastic40.jpg,512,384,1.333,RGB,13.5
plastic,plastic82.jpg,512,384,1.333,RGB,10.1
plastic,plastic58.jpg,512,384,1.333,RGB,12.8
plastic,plastic253.jpg,512,384,1.333,RGB,14.9
plastic,plastic38.jpg,512,384,1.333,RGB,16.7
plastic,plastic482.jpg,512,384,1.333,RGB,7.4
plastic,plastic289.jpg,512,384,1.333,RGB,13.1
plastic,plastic168.jpg,512,384,1.333,RGB,10.5
plastic,plastic296.jpg,512,384,1.333,RGB,15.4
plastic,plastic399.jpg,512,384,1.333,RGB,11.0
plastic,plastic211.jpg,512,384,1.333,RGB,18.7
plastic,plastic236.jpg,512,384,1.333,RGB,15.7
plastic,plastic139.jpg,512,384,1.333,RGB,18.4
plastic,plastic31.jpg,512,384,1.333,RGB,9.3
plastic,plastic406.jpg,512,384,1.333,RGB,11.2
plastic,plastic391.jpg,512,384,1.333,RGB,18.8
plastic,plastic463.jpg,512,384,1.333,RGB,12.0
plastic,plastic173.jpg,512,384,1.333,RGB,10.8
plastic,plastic442.jpg,512,384,1.333,RGB,13.4
plastic,plastic224.jpg,512,384,1.333,RGB,16.5
plastic,plastic419.jpg,512,384,1.333,RGB,11.3
plastic,plastic481.jpg,512,384,1.333,RGB,7.0
plastic,plastic137.jpg,512,384,1.333,RGB,7.5
plastic,plastic379.jpg,512,384,1.333,RGB,11.7
plastic,plastic311.jpg,512,384,1.333,RGB,9.7
plastic,plastic441.jpg,512,384,1.333,RGB,12.7
plastic,plastic328.jpg,512,384,1.333,RGB,15.9
plastic,plastic47.jpg,512,384,1.333,RGB,12.0
plastic,plastic183.jpg,512,384,1.333,RGB,10.7
plastic,plastic465.jpg,512,384,1.333,RGB,21.3
plastic,plastic152.jpg,512,384,1.333,RGB,15.8
plastic,plastic307.jpg,512,384,1.333,RGB,13.5
plastic,plastic73.jpg,512,384,1.333,RGB,12.0
plastic,plastic426.jpg,512,384,1.333,RGB,12.3
plastic,plastic49.jpg,512,384,1.333,RGB,12.4
plastic,plastic266.jpg,512,384,1.333,RGB,10.5
plastic,plastic61.jpg,512,384,1.333,RGB,16.2
plastic,plastic85.jpg,512,384,1.333,RGB,14.1
plastic,plastic223.jpg,512,384,1.333,RGB,20.5
plastic,plastic454.jpg,512,384,1.333,RGB,11.1
plastic,plastic156.jpg,512,384,1.333,RGB,9.9
plastic,plastic472.jpg,512,384,1.333,RGB,21.2
plastic,plastic191.jpg,512,384,1.333,RGB,13.7
plastic,plastic455.jpg,512,384,1.333,RGB,15.2
plastic,plastic341.jpg,512,384,1.333,RGB,7.6
plastic,plastic33.jpg,512,384,1.333,RGB,9.5
plastic,plastic25.jpg,512,384,1.333,RGB,9.8
plastic,plastic251.jpg,512,384,1.333,RGB,16.1
plastic,plastic348.jpg,512,384,1.333,RGB,9.7
plastic,plastic202.jpg,512,384,1.333,RGB,12.6
plastic,plastic98.jpg,512,384,1.333,RGB,11.5
plastic,plastic320.jpg,512,384,1.333,RGB,19.1
plastic,plastic206.jpg,512,384,1.333,RGB,12.3
plastic,plastic357.jpg,512,384,1.333,RGB,13.5
plastic,plastic196.jpg,512,384,1.333,RGB,10.6
plastic,plastic106.jpg,512,384,1.333,RGB,16.9
plastic,plastic86.jpg,512,384,1.333,RGB,22.7
plastic,plastic478.jpg,512,384,1.333,RGB,16.7
plastic,plastic30.jpg,512,384,1.333,RGB,17.7
plastic,plastic78.jpg,512,384,1.333,RGB,8.0
plastic,plastic230.jpg,512,384,1.333,RGB,17.2
plastic,plastic434.jpg,512,384,1.333,RGB,17.3
plastic,plastic339.jpg,512,384,1.333,RGB,22.8
plastic,plastic267.jpg,512,384,1.333,RGB,14.7
plastic,plastic88.jpg,512,384,1.333,RGB,17.8
plastic,plastic95.jpg,512,384,1.333,RGB,14.4
plastic,plastic167.jpg,512,384,1.333,RGB,9.5
plastic,plastic295.jpg,512,384,1.333,RGB,11.8
plastic,plastic459.jpg,512,384,1.333,RGB,18.4
plastic,plastic433.jpg,512,384,1.333,RGB,17.4
plastic,plastic116.jpg,512,384,1.333,RGB,23.6
trash,trash116.jpg,512,384,1.333,RGB,18.7
trash,trash118.jpg,512,384,1.333,RGB,16.6
trash,trash1.jpg,512,384,1.333,RGB,16.3
trash,trash32.jpg,512,384,1.333,RGB,10.9
trash,trash41.jpg,512,384,1.333,RGB,14.0
trash,trash82.jpg,512,384,1.333,RGB,20.6
trash,trash38.jpg,512,384,1.333,RGB,12.5
trash,trash6.jpg,512,384,1.333,RGB,10.3
trash,trash23.jpg,512,384,1.333,RGB,13.9
trash,trash91.jpg,512,384,1.333,RGB,35.4
trash,trash137.jpg,512,384,1.333,RGB,9.3
trash,trash69.jpg,512,384,1.333,RGB,12.5
trash,trash13.jpg,512,384,1.333,RGB,12.7
trash,trash12.jpg,512,384,1.333,RGB,12.5
trash,trash46.jpg,512,384,1.333,RGB,19.9
trash,trash127.jpg,512,384,1.333,RGB,6.4
trash,trash126.jpg,512,384,1.333,RGB,7.4
trash,trash66.jpg,512,384,1.333,RGB,17.1
trash,trash103.jpg,512,384,1.333,RGB,14.1
trash,trash7.jpg,512,384,1.333,RGB,7.8
trash,trash124.jpg,512,384,1.333,RGB,9.7
trash,trash39.jpg,512,384,1.333,RGB,14.9
trash,trash29.jpg,512,384,1.333,RGB,9.8
trash,trash130.jpg,512,384,1.333,RGB,9.1
trash,trash70.jpg,512,384,1.333,RGB,14.6
trash,trash63.jpg,512,384,1.333,RGB,16.2
trash,trash10.jpg,512,384,1.333,RGB,11.5
trash,trash87.jpg,512,384,1.333,RGB,18.3
trash,trash15.jpg,512,384,1.333,RGB,13.0
trash,trash77.jpg,512,384,1.333,RGB,16.1
trash,trash105.jpg,512,384,1.333,RGB,13.2
trash,trash45.jpg,512,384,1.333,RGB,16.7
trash,trash122.jpg,512,384,1.333,RGB,7.7
trash,trash52.jpg,512,384,1.333,RGB,21.2
trash,trash47.jpg,512,384,1.333,RGB,22.8
trash,trash73.jpg,512,384,1.333,RGB,16.2
trash,trash48.jpg,512,384,1.333,RGB,9.5
trash,trash85.jpg,512,384,1.333,RGB,14.8
trash,trash62.jpg,512,384,1.333,RGB,12.7
trash,trash96.jpg,512,384,1.333,RGB,16.3
trash,trash97.jpg,512,384,1.333,RGB,8.9
trash,trash3.jpg,512,384,1.333,RGB,11.0
trash,trash88.jpg,512,384,1.333,RGB,18.2
trash,trash132.jpg,512,384,1.333,RGB,7.2
trash,trash81.jpg,512,384,1.333,RGB,12.4
trash,trash44.jpg,512,384,1.333,RGB,10.1
trash,trash89.jpg,512,384,1.333,RGB,9.7
trash,trash34.jpg,512,384,1.333,RGB,13.8
trash,trash120.jpg,512,384,1.333,RGB,9.0
trash,trash65.jpg,512,384,1.333,RGB,12.7
trash,trash74.jpg,512,384,1.333,RGB,11.3
trash,trash119.jpg,512,384,1.333,RGB,10.7
trash,trash28.jpg,512,384,1.333,RGB,18.3
trash,trash25.jpg,512,384,1.333,RGB,14.7
trash,trash111.jpg,512,384,1.333,RGB,13.9
trash,trash58.jpg,512,384,1.333,RGB,20.6
trash,trash102.jpg,512,384,1.333,RGB,14.7
trash,trash98.jpg,512,384,1.333,RGB,14.2
trash,trash109.jpg,512,384,1.333,RGB,15.9
trash,trash36.jpg,512,384,1.333,RGB,20.1
trash,trash61.jpg,512,384,1.333,RGB,24.7
trash,trash114.jpg,512,384,1.333,RGB,12.0
trash,trash18.jpg,512,384,1.333,RGB,20.8
trash,trash20.jpg,512,384,1.333,RGB,13.4
trash,trash133.jpg,512,384,1.333,RGB,7.4
trash,trash117.jpg,512,384,1.333,RGB,12.2
trash,trash99.jpg,512,384,1.333,RGB,11.3
trash,trash8.jpg,512,384,1.333,RGB,16.5
trash,trash57.jpg,512,384,1.333,RGB,14.2
trash,trash115.jpg,512,384,1.333,RGB,14.8
trash,trash95.jpg,512,384,1.333,RGB,7.4
trash,trash35.jpg,512,384,1.333,RGB,11.6
trash,trash76.jpg,512,384,1.333,RGB,11.4
trash,trash83.jpg,512,384,1.333,RGB,11.9
trash,trash17.jpg,512,384,1.333,RGB,20.6
trash,trash14.jpg,512,384,1.333,RGB,23.4
trash,trash128.jpg,512,384,1.333,RGB,6.8
trash,trash125.jpg,512,384,1.333,RGB,10.8
trash,trash84.jpg,512,384,1.333,RGB,17.5
trash,trash55.jpg,512,384,1.333,RGB,8.7
trash,trash79.jpg,512,384,1.333,RGB,14.3
trash,trash108.jpg,512,384,1.333,RGB,25.7
trash,trash80.jpg,512,384,1.333,RGB,8.3
trash,trash123.jpg,512,384,1.333,RGB,10.9
trash,trash53.jpg,512,384,1.333,RGB,13.1
trash,trash11.jpg,512,384,1.333,RGB,25.2
trash,trash2.jpg,512,384,1.333,RGB,10.3
trash,trash110.jpg,512,384,1.333,RGB,18.6
trash,trash94.jpg,512,384,1.333,RGB,10.9
trash,trash136.jpg,512,384,1.333,RGB,11.2
trash,trash21.jpg,512,384,1.333,RGB,13.4
trash,trash4.jpg,512,384,1.333,RGB,12.1
trash,trash64.jpg,512,384,1.333,RGB,11.1
trash,trash129.jpg,512,384,1.333,RGB,10.5
trash,trash59.jpg,512,384,1.333,RGB,12.1
trash,trash100.jpg,512,384,1.333,RGB,15.6
trash,trash5.jpg,512,384,1.333,RGB,17.8
trash,trash19.jpg,512,384,1.333,RGB,12.4
trash,trash92.jpg,512,384,1.333,RGB,17.2
trash,trash106.jpg,512,384,1.333,RGB,17.6
trash,trash112.jpg,512,384,1.333,RGB,23.9
trash,trash42.jpg,512,384,1.333,RGB,15.2
trash,trash33.jpg,512,384,1.333,RGB,18.4
trash,trash78.jpg,512,384,1.333,RGB,17.1
trash,trash90.jpg,512,384,1.333,RGB,11.6
trash,trash24.jpg,512,384,1.333,RGB,10.7
trash,trash71.jpg,512,384,1.333,RGB,17.7
trash,trash93.jpg,512,384,1.333,RGB,15.2
trash,trash30.jpg,512,384,1.333,RGB,12.1
trash,trash67.jpg,512,384,1.333,RGB,22.0
trash,trash75.jpg,512,384,1.333,RGB,12.5
trash,trash9.jpg,512,384,1.333,RGB,13.3
trash,trash101.jpg,512,384,1.333,RGB,8.8
trash,trash113.jpg,512,384,1.333,RGB,20.7
trash,trash68.jpg,512,384,1.333,RGB,13.5
trash,trash72.jpg,512,384,1.333,RGB,14.4
trash,trash31.jpg,512,384,1.333,RGB,12.9
trash,trash27.jpg,512,384,1.333,RGB,10.9
trash,trash54.jpg,512,384,1.333,RGB,13.5
trash,trash86.jpg,512,384,1.333,RGB,9.0
trash,trash37.jpg,512,384,1.333,RGB,14.5
trash,trash50.jpg,512,384,1.333,RGB,13.2
trash,trash104.jpg,512,384,1.333,RGB,9.3
trash,trash26.jpg,512,384,1.333,RGB,9.2
trash,trash121.jpg,512,384,1.333,RGB,7.7
trash,trash131.jpg,512,384,1.333,RGB,7.7
trash,trash16.jpg,512,384,1.333,RGB,15.5
trash,trash51.jpg,512,384,1.333,RGB,11.8
trash,trash56.jpg,512,384,1.333,RGB,13.6
trash,trash49.jpg,512,384,1.333,RGB,11.4
trash,trash134.jpg,512,384,1.333,RGB,8.1
trash,trash135.jpg,512,384,1.333,RGB,12.3
trash,trash43.jpg,512,384,1.333,RGB,10.2
trash,trash22.jpg,512,384,1.333,RGB,10.8
trash,trash107.jpg,512,384,1.333,RGB,10.5
trash,trash60.jpg,512,384,1.333,RGB,15.2
trash,trash40.jpg,512,384,1.333,RGB,13.1
